record_type,slug,title_or_resource,tide,scene_class,island,ads_name,ads_tag,caption_id,preview_scr,ps1_frame_count,ps1_visual_status,ps1_sfx_status,ps1_comparison,oracle_commit,evidence_commit,runtime_ticks,presented_frames,unique_hashes,start_hash,mid_hash,final_hash,max_meaningful,max_key_pixels,max_key_run,max_key_component,sound_trace_seed,sound_event_count,known_silent_event_count,sound_events,variant_expectation,native_acceptance,web_acceptance
scene_variant,fishing1,"FISHING 1 - Catches a starfish, throws it back",high,island,1,FISHING,1,scene18,SXFI1.SCR,156,pass,pass,MATCH,25c5d84593ac20cbee354eaab7779ab7397d6bbe,b7f151f3c1b794d1bd5c31819b6a59ba48c70624,2742,687,318,9831a6a4041bdd73,98f06b54b24ab683,b7c71fa330b8ccc7,268854,8050,1,1,0x4a430000,18,0,1@241/33:4/playable;2@257/35:16/playable;3@438/39:6/playable;4@460/41:6/playable;5@600/54:5/playable;6@642/60:7/playable;7@893/70:1/playable;8@942/75:4/playable;9@958/77:16/playable;10@1452/114:5/playable;11@1488/118:9/playable;12@1668/119:8/playable;13@1725/124:3/playable;14@1781/132:1/playable;15@1796/133:7/playable;16@1844/139:7/playable;17@1900/146:7/playable;18@1948/152:7/playable,different_from_other_tide,pass,pending_all_scene_matrix
scene_variant,fishing1,"FISHING 1 - Catches a starfish, throws it back",low,island,1,FISHING,1,scene18,SXFI1.SCR,156,pass,pass,MATCH,25c5d84593ac20cbee354eaab7779ab7397d6bbe,b7f151f3c1b794d1bd5c31819b6a59ba48c70624,2742,687,307,ddd90fe9433c18ff,9a7c0a8913fec5f3,c9ae17b7b39f05eb,270776,4919,1,1,0x4a430000,18,0,1@241/33:4/playable;2@257/35:16/playable;3@438/39:6/playable;4@460/41:6/playable;5@600/54:5/playable;6@642/60:7/playable;7@893/70:1/playable;8@942/75:4/playable;9@958/77:16/playable;10@1452/114:5/playable;11@1488/118:9/playable;12@1668/119:8/playable;13@1725/124:3/playable;14@1781/132:1/playable;15@1796/133:7/playable;16@1844/139:7/playable;17@1900/146:7/playable;18@1948/152:7/playable,different_from_other_tide,pass,pending_all_scene_matrix
scene_variant,fishing2,FISHING 2 - Hooks a Titanic life preserver,high,island,1,FISHING,2,fishingraft,SXFI2.SCR,295,pass,pass,MATCH,25c5d84593ac20cbee354eaab7779ab7397d6bbe,b7f151f3c1b794d1bd5c31819b6a59ba48c70624,948,238,139,9831a6a4041bdd73,627e0ce859855c77,d452cb67f01638bb,268854,8050,1,1,0x4a430001,20,0,1@241/33:4/playable;2@257/35:16/playable;3@393/35:6/playable;4@415/37:6/playable;5@627/59:6/playable;6@916/91:6/playable;7@938/93:6/playable;8@1010/101:6/playable;9@1032/103:6/playable;10@1411/143:6/playable;11@1700/171:6/playable;12@1758/177:6/playable;13@1852/187:6/playable;14@1874/189:6/playable;15@1896/191:6/playable;16@1918/193:6/playable;17@1940/195:6/playable;18@2159/211:4/playable;19@2196/213:5/playable;20@2231/218:9/playable,different_from_other_tide,pass,pending_all_scene_matrix
scene_variant,fishing2,FISHING 2 - Hooks a Titanic life preserver,low,island,1,FISHING,2,fishingraft,SXFI2.SCR,295,pass,pass,MATCH,25c5d84593ac20cbee354eaab7779ab7397d6bbe,b7f151f3c1b794d1bd5c31819b6a59ba48c70624,948,238,144,ddd90fe9433c18ff,643c18921fb03997,27668c15f534fe4b,270716,4919,1,1,0x4a430001,20,0,1@241/33:4/playable;2@257/35:16/playable;3@393/35:6/playable;4@415/37:6/playable;5@627/59:6/playable;6@916/91:6/playable;7@938/93:6/playable;8@1010/101:6/playable;9@1032/103:6/playable;10@1411/143:6/playable;11@1700/171:6/playable;12@1758/177:6/playable;13@1852/187:6/playable;14@1874/189:6/playable;15@1896/191:6/playable;16@1918/193:6/playable;17@1940/195:6/playable;18@2159/211:4/playable;19@2196/213:5/playable;20@2231/218:9/playable,different_from_other_tide,pass,pending_all_scene_matrix
scene_variant,fishing3,FISHING 3 - Octopus steals the fish and walks off,high,island,1,FISHING,3,scene20,SXFI3.SCR,329,pass,pass,MATCH,25c5d84593ac20cbee354eaab7779ab7397d6bbe,b7f151f3c1b794d1bd5c31819b6a59ba48c70624,1808,453,270,9831a6a4041bdd73,269091f6adc8f50b,f184d9e6ddd36033,268854,8050,1,1,0x4a430002,21,1,1@241/33:4/playable;2@257/35:16/playable;3@514/40:4/playable;4@534/44:16/playable;5@661/65:4/playable;6@681/71:16/playable;7@808/93:4/playable;8@828/99:16/playable;9@955/121:4/playable;10@975/127:16/playable;11@996/133:4/playable;12@1298/167:11/known_silent;13@1310/168:5/playable;14@1330/170:8/playable;15@1346/172:4/playable;16@1396/178:4/playable;17@1424/182:15/playable;18@1536/198:3/playable;19@1578/204:1/playable;20@1672/214:3/playable;21@1681/214:3/playable,different_from_other_tide,pass,pending_all_scene_matrix
scene_variant,fishing3,FISHING 3 - Octopus steals the fish and walks off,low,island,1,FISHING,3,scene20,SXFI3.SCR,329,pass,pass,MATCH,25c5d84593ac20cbee354eaab7779ab7397d6bbe,b7f151f3c1b794d1bd5c31819b6a59ba48c70624,1808,453,287,ddd90fe9433c18ff,20288878a8cbd363,e46f4e7aa44ab7d3,270776,4919,1,1,0x4a430002,21,1,1@241/33:4/playable;2@257/35:16/playable;3@514/40:4/playable;4@534/44:16/playable;5@661/65:4/playable;6@681/71:16/playable;7@808/93:4/playable;8@828/99:16/playable;9@955/121:4/playable;10@975/127:16/playable;11@996/133:4/playable;12@1298/167:11/known_silent;13@1310/168:5/playable;14@1330/170:8/playable;15@1346/172:4/playable;16@1396/178:4/playable;17@1424/182:15/playable;18@1536/198:3/playable;19@1578/204:1/playable;20@1672/214:3/playable;21@1681/214:3/playable,different_from_other_tide,pass,pending_all_scene_matrix
scene_variant,fishing4,"FISHING 4 - Hooks a shark, gets pulled around like a speedboat",high,island,1,FISHING,4,scene21,SXFI4.SCR,133,pass,pass,MATCH,25c5d84593ac20cbee354eaab7779ab7397d6bbe,b7f151f3c1b794d1bd5c31819b6a59ba48c70624,941,236,101,7f0c1f1195b91817,61aed812d73d7de3,5a60519f00aac33b,269341,7563,1,1,0x4a430003,9,0,1@174/23:4/playable;2@190/25:16/playable;3@371/25:5/playable;4@380/26:8/playable;5@398/28:15/playable;6@416/30:1/playable;7@581/36:1/playable;8@731/47:16/playable;9@785/53:16/playable,different_from_other_tide,pass,pending_all_scene_matrix
scene_variant,fishing4,"FISHING 4 - Hooks a shark, gets pulled around like a speedboat",low,island,1,FISHING,4,scene21,SXFI4.SCR,133,pass,pass,MATCH,25c5d84593ac20cbee354eaab7779ab7397d6bbe,b7f151f3c1b794d1bd5c31819b6a59ba48c70624,941,236,94,6d21531d9b6e1333,20aef5349645799f,7203a7b618669b0b,271026,6126,1,1,0x4a430003,9,0,1@174/23:4/playable;2@190/25:16/playable;3@371/25:5/playable;4@380/26:8/playable;5@398/28:15/playable;6@416/30:1/playable;7@581/36:1/playable;8@731/47:16/playable;9@785/53:16/playable,different_from_other_tide,pass,pending_all_scene_matrix
scene_variant,fishing5,"FISHING 5 - Eaten by a shark, then spat back out",high,island,1,FISHING,5,scene22,SXFI5.SCR,69,pass,pass,MATCH,25c5d84593ac20cbee354eaab7779ab7397d6bbe,b7f151f3c1b794d1bd5c31819b6a59ba48c70624,739,186,67,31c12fce1214a78f,f184d9e6ddd36033,7f53a3459691630f,268854,8050,1,1,0x4a430004,7,0,1@174/21:16/playable;2@190/23:5/playable;3@262/32:16/playable;4@406/50:15/playable;5@430/53:23/playable;6@499/58:1/playable;7@555/66:24/playable,different_from_other_tide,pass,pending_all_scene_matrix
scene_variant,fishing5,"FISHING 5 - Eaten by a shark, then spat back out",low,island,1,FISHING,5,scene22,SXFI5.SCR,69,pass,pass,MATCH,25c5d84593ac20cbee354eaab7779ab7397d6bbe,b7f151f3c1b794d1bd5c31819b6a59ba48c70624,739,186,73,19d3c00cf05a4123,e46f4e7aa44ab7d3,64671695f9638153,270776,4919,1,1,0x4a430004,7,0,1@174/21:16/playable;2@190/23:5/playable;3@262/32:16/playable;4@406/50:15/playable;5@430/53:23/playable;6@499/58:1/playable;7@555/66:24/playable,different_from_other_tide,pass,pending_all_scene_matrix
scene_variant,fishing6,"FISHING 6 - Fish spits water in his face, thrown back",high,island,1,FISHING,6,scene23,SXFI6.SCR,112,pass,pass,MATCH,25c5d84593ac20cbee354eaab7779ab7397d6bbe,b7f151f3c1b794d1bd5c31819b6a59ba48c70624,786,198,108,9831a6a4041bdd73,d1f8beec6114f373,463e5dd30341c457,268716,8050,1,1,0x4a430005,6,0,1@241/33:4/playable;2@257/35:16/playable;3@409/37:4/playable;4@687/59:16/playable;5@746/66:3/playable;6@770/69:1/playable,different_from_other_tide,pass,pending_all_scene_matrix
scene_variant,fishing6,"FISHING 6 - Fish spits water in his face, thrown back",low,island,1,FISHING,6,scene23,SXFI6.SCR,112,pass,pass,MATCH,25c5d84593ac20cbee354eaab7779ab7397d6bbe,b7f151f3c1b794d1bd5c31819b6a59ba48c70624,786,198,111,ddd90fe9433c18ff,6a2fe81be13de717,904f0c036c6522cb,270603,4919,1,1,0x4a430005,6,0,1@241/33:4/playable;2@257/35:16/playable;3@409/37:4/playable;4@687/59:16/playable;5@746/66:3/playable;6@770/69:1/playable,different_from_other_tide,pass,pending_all_scene_matrix
scene_variant,fishing7,"FISHING 7 - Catches a starfish (right-side variant), throws it back",high,island,1,FISHING,7,scene24,SXFI7.SCR,80,pass,pass,MATCH,25c5d84593ac20cbee354eaab7779ab7397d6bbe,b7f151f3c1b794d1bd5c31819b6a59ba48c70624,2851,714,298,7f0c1f1195b91817,93f0a2389bae7727,67bd55671f17f3c7,269341,7563,1,1,0x4a430006,9,0,1@174/23:4/playable;2@190/25:16/playable;3@739/59:5/playable;4@779/64:9/playable;5@976/66:4/playable;6@1016/71:16/playable;7@1041/73:7/playable;8@1089/79:7/playable;9@1145/86:7/playable,different_from_other_tide,pass,pending_all_scene_matrix
scene_variant,fishing7,"FISHING 7 - Catches a starfish (right-side variant), throws it back",low,island,1,FISHING,7,scene24,SXFI7.SCR,80,pass,pass,MATCH,25c5d84593ac20cbee354eaab7779ab7397d6bbe,b7f151f3c1b794d1bd5c31819b6a59ba48c70624,2851,714,269,6d21531d9b6e1333,2eb79d33ae6ec1f7,79b071c2fb437e07,271026,6126,1,1,0x4a430006,9,0,1@174/23:4/playable;2@190/25:16/playable;3@739/59:5/playable;4@779/64:9/playable;5@976/66:4/playable;6@1016/71:16/playable;7@1041/73:7/playable;8@1089/79:7/playable;9@1145/86:7/playable,different_from_other_tide,pass,pending_all_scene_matrix
scene_variant,fishing8,FISHING 8 - Catches a fish (right-side variant),high,island,1,FISHING,8,scene19,SXFI8.SCR,133,pass,pass,MATCH,25c5d84593ac20cbee354eaab7779ab7397d6bbe,b7f151f3c1b794d1bd5c31819b6a59ba48c70624,2303,577,163,7f0c1f1195b91817,e716b5335e110ff3,71c764b76a6d7843,269212,7562,1,1,0x4a430007,5,0,1@174/23:4/playable;2@190/25:16/playable;3@421/31:6/playable;4@671/50:5/playable;5@732/57:9/playable,different_from_other_tide,pass,pending_all_scene_matrix
scene_variant,fishing8,FISHING 8 - Catches a fish (right-side variant),low,island,1,FISHING,8,scene19,SXFI8.SCR,133,pass,pass,MATCH,25c5d84593ac20cbee354eaab7779ab7397d6bbe,b7f151f3c1b794d1bd5c31819b6a59ba48c70624,2303,577,160,6d21531d9b6e1333,be5fdb1d9b3eb6bf,87acc0ca61db23fb,270840,6125,1,1,0x4a430007,5,0,1@174/23:4/playable;2@190/25:16/playable;3@421/31:6/playable;4@671/50:5/playable;5@732/57:9/playable,different_from_other_tide,pass,pending_all_scene_matrix
scene_variant,johnny1,JOHNNY 1 - The End,high,ending,0,JOHNNY,1,scene26,SXJO1.SCR,112,pass,pass,MATCH,25c5d84593ac20cbee354eaab7779ab7397d6bbe,b7f151f3c1b794d1bd5c31819b6a59ba48c70624,1107,278,114,8c63626f9ad34463,4f0a90bfacf2c853,c8f300c3e95cf5e3,51213,0,0,0,0x4a430008,0,0,,identical_to_other_tide,pass,pending_all_scene_matrix
scene_variant,johnny1,JOHNNY 1 - The End,low,ending,0,JOHNNY,1,scene26,SXJO1.SCR,112,pass,pass,MATCH,25c5d84593ac20cbee354eaab7779ab7397d6bbe,b7f151f3c1b794d1bd5c31819b6a59ba48c70624,1107,278,114,8c63626f9ad34463,4f0a90bfacf2c853,c8f300c3e95cf5e3,51213,0,0,0,0x4a430008,0,0,,identical_to_other_tide,pass,pending_all_scene_matrix
scene_variant,johnny2,JOHNNY 2 - Bottle washes up; Johnny puts an SOS note inside,high,island,1,JOHNNY,2,scene27,SXJO2.SCR,146,pass,pass,MATCH,25c5d84593ac20cbee354eaab7779ab7397d6bbe,b7f151f3c1b794d1bd5c31819b6a59ba48c70624,1624,407,223,271aeaadd9464eaf,03036f6b25dff5ab,5339699e7b80f497,268854,8050,1,1,0x4a430009,5,0,1@128/17:5/playable;2@192/25:9/playable;3@352/39:7/playable;4@1416/126:4/playable;5@1458/132:1/playable,different_from_other_tide,pass,pending_all_scene_matrix
scene_variant,johnny2,JOHNNY 2 - Bottle washes up; Johnny puts an SOS note inside,low,island,1,JOHNNY,2,scene27,SXJO2.SCR,146,pass,pass,MATCH,25c5d84593ac20cbee354eaab7779ab7397d6bbe,b7f151f3c1b794d1bd5c31819b6a59ba48c70624,1624,407,239,1e858d0b5b2c61f7,885a8626d01dbc1b,d739616cc8b8a6e7,270776,4919,1,1,0x4a430009,5,0,1@128/17:5/playable;2@192/25:9/playable;3@352/39:7/playable;4@1416/126:4/playable;5@1458/132:1/playable,different_from_other_tide,pass,pending_all_scene_matrix
scene_variant,johnny3,JOHNNY 3 - Writes and sends a letter to Suzy,high,island,1,JOHNNY,3,scene29,SXJO3.SCR,104,pass,pass,MATCH,25c5d84593ac20cbee354eaab7779ab7397d6bbe,b7f151f3c1b794d1bd5c31819b6a59ba48c70624,1031,259,162,740c2d42e8029fc3,f057db3065061fe3,c94d3e9c965d6ea7,268254,8050,1,1,0x4a43000a,2,0,1@823/87:4/playable;2@865/93:1/playable,different_from_other_tide,pass,pending_all_scene_matrix
scene_variant,johnny3,JOHNNY 3 - Writes and sends a letter to Suzy,low,island,1,JOHNNY,3,scene29,SXJO3.SCR,104,pass,pass,MATCH,25c5d84593ac20cbee354eaab7779ab7397d6bbe,b7f151f3c1b794d1bd5c31819b6a59ba48c70624,1031,259,163,2d0d7298c133a7af,8571632be44d929b,5a0a1a040174c74f,270186,4919,1,1,0x4a43000a,2,0,1@823/87:4/playable;2@865/93:1/playable,different_from_other_tide,pass,pending_all_scene_matrix
scene_variant,johnny4,JOHNNY 4 - His own SOS bottle washes back,high,island,1,JOHNNY,4,scene30,SXJO4.SCR,94,pass,pass,MATCH,25c5d84593ac20cbee354eaab7779ab7397d6bbe,b7f151f3c1b794d1bd5c31819b6a59ba48c70624,1235,310,172,271aeaadd9464eaf,38533d89c4c3ae1f,03fbd275c6f6e1cb,268519,8050,1,1,0x4a43000b,7,0,1@128/17:5/playable;2@192/25:9/playable;3@352/39:7/playable;4@473/39:5/playable;5@773/41:24/playable;6@1027/61:4/playable;7@1069/67:1/playable,different_from_other_tide,pass,pending_all_scene_matrix
scene_variant,johnny4,JOHNNY 4 - His own SOS bottle washes back,low,island,1,JOHNNY,4,scene30,SXJO4.SCR,94,pass,pass,MATCH,25c5d84593ac20cbee354eaab7779ab7397d6bbe,b7f151f3c1b794d1bd5c31819b6a59ba48c70624,1235,310,182,1e858d0b5b2c61f7,cec52c83ce582fcb,5290f8b8f6d1c00b,270435,4919,1,1,0x4a43000b,7,0,1@128/17:5/playable;2@192/25:9/playable;3@352/39:7/playable;4@473/39:5/playable;5@773/41:24/playable;6@1027/61:4/playable;7@1069/67:1/playable,different_from_other_tide,pass,pending_all_scene_matrix
scene_variant,johnny5,JOHNNY 5 - Sends an SOS bottle,high,island,1,JOHNNY,5,scene28,SXJO5.SCR,91,pass,pass,MATCH,25c5d84593ac20cbee354eaab7779ab7397d6bbe,b7f151f3c1b794d1bd5c31819b6a59ba48c70624,718,181,128,9d1b24cd344540db,00d343e6a8a8c353,8ea2a031ca1d008b,268450,8050,1,1,0x4a43000c,2,0,1@510/62:4/playable;2@552/68:1/playable,different_from_other_tide,pass,pending_all_scene_matrix
scene_variant,johnny5,JOHNNY 5 - Sends an SOS bottle,low,island,1,JOHNNY,5,scene28,SXJO5.SCR,91,pass,pass,MATCH,25c5d84593ac20cbee354eaab7779ab7397d6bbe,b7f151f3c1b794d1bd5c31819b6a59ba48c70624,718,181,129,a819089fc72b7d57,717fd49bf0d46187,cbbbf9ca21d79de7,270344,4919,1,1,0x4a43000c,2,0,1@510/62:4/playable;2@552/68:1/playable,different_from_other_tide,pass,pending_all_scene_matrix
scene_variant,johnny6,"JOHNNY 6 - At his office desk, daydreaming of the island",high,office,0,JOHNNY,6,scene31,SXJO6.SCR,82,pass,pass,MATCH,25c5d84593ac20cbee354eaab7779ab7397d6bbe,b7f151f3c1b794d1bd5c31819b6a59ba48c70624,1292,324,65,8c63626f9ad34463,2db9688d3f3ecb27,e3172d8016b66b3b,52820,0,0,0,0x4a43000d,2,0,1@643/66:9/playable;2@1228/75:24/playable,identical_to_other_tide,pass,pending_all_scene_matrix
scene_variant,johnny6,"JOHNNY 6 - At his office desk, daydreaming of the island",low,office,0,JOHNNY,6,scene31,SXJO6.SCR,82,pass,pass,MATCH,25c5d84593ac20cbee354eaab7779ab7397d6bbe,b7f151f3c1b794d1bd5c31819b6a59ba48c70624,1292,324,65,8c63626f9ad34463,2db9688d3f3ecb27,e3172d8016b66b3b,52820,0,0,0,0x4a43000d,2,0,1@643/66:9/playable;2@1228/75:24/playable,identical_to_other_tide,pass,pending_all_scene_matrix
scene_variant,mary1,MARY 1 - Date with Mary the mermaid,high,island,1,MARY,1,scene32,SXMA1.SCR,821,pass,pass,MATCH,25c5d84593ac20cbee354eaab7779ab7397d6bbe,b7f151f3c1b794d1bd5c31819b6a59ba48c70624,2284,572,361,33da0829e91dbeef,3ebcc4cf60b6506f,24c0e23e43495f43,268328,8050,1,1,0x4a43000e,27,0,1@1/0:6/playable;2@86/10:6/playable;3@190/17:5/playable;4@263/19:8/playable;5@309/24:15/playable;6@375/29:22/playable;7@387/32:22/playable;8@399/35:22/playable;9@411/38:22/playable;10@424/41:22/playable;11@439/44:22/playable;12@454/47:22/playable;13@469/50:22/playable;14@699/65:16/playable;15@731/68:23/playable;16@776/73:16/playable;17@821/78:16/playable;18@875/84:12/playable;19@939/88:20/playable;20@1092/103:19/playable;21@1152/104:20/playable;22@1160/105:15/playable;23@1230/112:15/playable;24@1416/131:12/playable;25@1596/133:5/playable;26@1635/137:1/playable;27@1719/147:24/playable,different_from_other_tide,pass,pending_all_scene_matrix
scene_variant,mary1,MARY 1 - Date with Mary the mermaid,low,island,1,MARY,1,scene32,SXMA1.SCR,821,pass,pass,MATCH,25c5d84593ac20cbee354eaab7779ab7397d6bbe,b7f151f3c1b794d1bd5c31819b6a59ba48c70624,2284,572,365,5a8d6d9e05185137,9d7635a16e41b457,1a40452b0e6ba9cb,270321,4919,1,1,0x4a43000e,27,0,1@1/0:6/playable;2@86/10:6/playable;3@190/17:5/playable;4@263/19:8/playable;5@309/24:15/playable;6@375/29:22/playable;7@387/32:22/playable;8@399/35:22/playable;9@411/38:22/playable;10@424/41:22/playable;11@439/44:22/playable;12@454/47:22/playable;13@469/50:22/playable;14@699/65:16/playable;15@731/68:23/playable;16@776/73:16/playable;17@821/78:16/playable;18@875/84:12/playable;19@939/88:20/playable;20@1092/103:19/playable;21@1152/104:20/playable;22@1160/105:15/playable;23@1230/112:15/playable;24@1416/131:12/playable;25@1596/133:5/playable;26@1635/137:1/playable;27@1719/147:24/playable,different_from_other_tide,pass,pending_all_scene_matrix
scene_variant,mary2,"MARY 2 - Mary visits while Johnny fishes; he mistakes her for a fish, catches a boot",high,island,1,MARY,2,scene33,SXMA2.SCR,234,pass,pass,MATCH,25c5d84593ac20cbee354eaab7779ab7397d6bbe,b7f151f3c1b794d1bd5c31819b6a59ba48c70624,2064,517,322,f8594f65e148828f,4fd78f2dd9a2739f,61ce481ac527c0a7,268852,8050,1,1,0x4a43000f,35,0,1@34/4:6/playable;2@111/15:6/playable;3@168/22:4/playable;4@192/25:16/playable;5@380/26:6/playable;6@422/33:6/playable;7@464/42:6/playable;8@481/46:16/playable;9@597/60:6/playable;10@639/70:6/playable;11@641/71:16/playable;12@681/81:6/playable;13@814/99:6/playable;14@856/109:6/playable;15@891/117:16/playable;16@898/119:6/playable;17@961/129:20/playable;18@1031/136:6/playable;19@1042/139:20/playable;20@1051/140:5/playable;21@1083/147:1/playable;22@1221/157:9/playable;23@1319/167:6/playable;24@1389/181:6/playable;25@1444/192:6/playable;26@1478/197:4/playable;27@1502/200:16/playable;28@1637/201:9/playable;29@1709/207:9/playable;30@1770/213:9/playable;31@1814/218:9/playable;32@1866/223:5/playable;33@1887/226:3/playable;34@1931/229:4/playable;35@2008/240:1/playable,different_from_other_tide,pass,pending_all_scene_matrix
scene_variant,mary2,"MARY 2 - Mary visits while Johnny fishes; he mistakes her for a fish, catches a boot",low,island,1,MARY,2,scene33,SXMA2.SCR,234,pass,pass,MATCH,25c5d84593ac20cbee354eaab7779ab7397d6bbe,b7f151f3c1b794d1bd5c31819b6a59ba48c70624,2064,517,338,d7b2640d19ac4c53,b3c6018050ed4363,38ea170d2f564fb3,270773,4919,1,1,0x4a43000f,35,0,1@34/4:6/playable;2@111/15:6/playable;3@168/22:4/playable;4@192/25:16/playable;5@380/26:6/playable;6@422/33:6/playable;7@464/42:6/playable;8@481/46:16/playable;9@597/60:6/playable;10@639/70:6/playable;11@641/71:16/playable;12@681/81:6/playable;13@814/99:6/playable;14@856/109:6/playable;15@891/117:16/playable;16@898/119:6/playable;17@961/129:20/playable;18@1031/136:6/playable;19@1042/139:20/playable;20@1051/140:5/playable;21@1083/147:1/playable;22@1221/157:9/playable;23@1319/167:6/playable;24@1389/181:6/playable;25@1444/192:6/playable;26@1478/197:4/playable;27@1502/200:16/playable;28@1637/201:9/playable;29@1709/207:9/playable;30@1770/213:9/playable;31@1814/218:9/playable;32@1866/223:5/playable;33@1887/226:3/playable;34@1931/229:4/playable;35@2008/240:1/playable,different_from_other_tide,pass,pending_all_scene_matrix
scene_variant,mary3,MARY 3 - Mary and Johnny exchange gifts and plan a date,high,island,1,MARY,3,scene34,SXMA3.SCR,256,pass,pass,MATCH,25c5d84593ac20cbee354eaab7779ab7397d6bbe,b7f151f3c1b794d1bd5c31819b6a59ba48c70624,2699,676,459,3a1d37ebf20125fb,4d0a51f3972d71af,0d7b80bebbefd5e7,268419,8050,1,1,0x4a430010,19,0,1@363/24:16/playable;2@533/46:16/playable;3@722/75:16/playable;4@752/79:5/playable;5@753/80:20/playable;6@815/88:9/playable;7@1010/110:20/playable;8@1075/120:16/playable;9@1109/125:16/playable;10@1170/132:5/playable;11@1205/135:20/playable;12@1300/146:19/playable;13@1370/149:20/playable;14@1451/159:15/playable;15@1507/170:16/playable;16@1716/204:20/playable;17@1756/212:5/playable;18@2207/417:8/playable;19@2233/423:1/playable,different_from_other_tide,pass,pending_all_scene_matrix
scene_variant,mary3,MARY 3 - Mary and Johnny exchange gifts and plan a date,low,island,1,MARY,3,scene34,SXMA3.SCR,256,pass,pass,MATCH,25c5d84593ac20cbee354eaab7779ab7397d6bbe,b7f151f3c1b794d1bd5c31819b6a59ba48c70624,2699,676,500,89354fa290c7e73f,ebe94b774a0483eb,dcd74ab39fc72f0b,270412,4919,1,1,0x4a430010,19,0,1@363/24:16/playable;2@533/46:16/playable;3@722/75:16/playable;4@752/79:5/playable;5@753/80:20/playable;6@815/88:9/playable;7@1010/110:20/playable;8@1075/120:16/playable;9@1109/125:16/playable;10@1170/132:5/playable;11@1205/135:20/playable;12@1300/146:19/playable;13@1370/149:20/playable;14@1451/159:15/playable;15@1507/170:16/playable;16@1716/204:20/playable;17@1756/212:5/playable;18@2207/417:8/playable;19@2233/423:1/playable,different_from_other_tide,pass,pending_all_scene_matrix
scene_variant,mary4,MARY 4 - Mary's feelings hurt as Johnny works on the raft,high,island,1,MARY,4,scene35,SXMA4.SCR,154,pass,pass,MATCH,25c5d84593ac20cbee354eaab7779ab7397d6bbe,b7f151f3c1b794d1bd5c31819b6a59ba48c70624,1701,426,254,5c5f8c0d3a32ae77,673ee3158e27665b,eba278127cdd52db,268254,8050,1,1,0x4a430011,32,0,1@30/3:6/playable;2@104/11:15/playable;3@116/14:15/playable;4@140/20:15/playable;5@145/21:16/playable;6@152/23:15/playable;7@176/29:15/playable;8@188/32:15/playable;9@212/38:15/playable;10@224/40:15/playable;11@248/44:15/playable;12@260/46:15/playable;13@284/52:15/playable;14@296/55:15/playable;15@320/61:15/playable;16@326/63:16/playable;17@333/64:15/playable;18@481/84:9/playable;19@612/96:20/playable;20@732/103:7/playable;21@1022/110:21/playable;22@1062/114:5/playable;23@1092/116:21/playable;24@1132/120:21/playable;25@1212/128:21/playable;26@1242/130:21/playable;27@1312/135:16/playable;28@1362/140:16/playable;29@1412/145:16/playable;30@1462/150:16/playable;31@1502/154:16/playable;32@1577/158:24/playable,different_from_other_tide,pass,pending_all_scene_matrix
scene_variant,mary4,MARY 4 - Mary's feelings hurt as Johnny works on the raft,low,island,1,MARY,4,scene35,SXMA4.SCR,154,pass,pass,MATCH,25c5d84593ac20cbee354eaab7779ab7397d6bbe,b7f151f3c1b794d1bd5c31819b6a59ba48c70624,1701,426,260,3c1776968195770b,bdf38f53843fe597,93c9aba32aae3b67,270245,4919,1,1,0x4a430011,32,0,1@30/3:6/playable;2@104/11:15/playable;3@116/14:15/playable;4@140/20:15/playable;5@145/21:16/playable;6@152/23:15/playable;7@176/29:15/playable;8@188/32:15/playable;9@212/38:15/playable;10@224/40:15/playable;11@248/44:15/playable;12@260/46:15/playable;13@284/52:15/playable;14@296/55:15/playable;15@320/61:15/playable;16@326/63:16/playable;17@333/64:15/playable;18@481/84:9/playable;19@612/96:20/playable;20@732/103:7/playable;21@1022/110:21/playable;22@1062/114:5/playable;23@1092/116:21/playable;24@1132/120:21/playable;25@1212/128:21/playable;26@1242/130:21/playable;27@1312/135:16/playable;28@1362/140:16/playable;29@1412/145:16/playable;30@1462/150:16/playable;31@1502/154:16/playable;32@1577/158:24/playable,different_from_other_tide,pass,pending_all_scene_matrix
scene_variant,mary5,MARY 5 - Packs the raft and says goodbye,high,island,1,MARY,5,scene36,SXMA5.SCR,150,pass,pass,MATCH,25c5d84593ac20cbee354eaab7779ab7397d6bbe,b7f151f3c1b794d1bd5c31819b6a59ba48c70624,1339,336,254,fe1df2f5937db82f,1fb7618b7b06f427,b682ab9331a88fd7,269563,7573,1,1,0x4a430012,25,0,1@190/57:22/playable;2@211/65:22/playable;3@232/73:22/playable;4@253/81:22/playable;5@281/92:22/playable;6@309/103:22/playable;7@379/131:4/playable;8@400/139:23/playable;9@498/178:16/playable;10@519/186:20/playable;11@526/189:5/playable;12@568/201:9/playable;13@823/294:20/playable;14@881/313:20/playable;15@916/327:20/playable;16@1002/361:3/playable;17@1056/377:16/playable;18@1084/388:4/playable;19@1091/391:1/playable;20@1098/394:16/playable;21@1131/400:16/playable;22@1179/406:16/playable;23@1219/411:16/playable;24@1259/416:16/playable;25@1299/421:16/playable,different_from_other_tide,pass,pending_all_scene_matrix
scene_variant,mary5,MARY 5 - Packs the raft and says goodbye,low,island,1,MARY,5,scene36,SXMA5.SCR,150,pass,pass,MATCH,25c5d84593ac20cbee354eaab7779ab7397d6bbe,b7f151f3c1b794d1bd5c31819b6a59ba48c70624,1339,336,230,13da9c8afb563f97,4da0e1dda1cacfe3,13da9c8afb563f97,271138,6148,1,1,0x4a430012,25,0,1@190/57:22/playable;2@211/65:22/playable;3@232/73:22/playable;4@253/81:22/playable;5@281/92:22/playable;6@309/103:22/playable;7@379/131:4/playable;8@400/139:23/playable;9@498/178:16/playable;10@519/186:20/playable;11@526/189:5/playable;12@568/201:9/playable;13@823/294:20/playable;14@881/313:20/playable;15@916/327:20/playable;16@1002/361:3/playable;17@1056/377:16/playable;18@1084/388:4/playable;19@1091/391:1/playable;20@1098/394:16/playable;21@1131/400:16/playable;22@1179/406:16/playable;23@1219/411:16/playable;24@1259/416:16/playable;25@1299/421:16/playable,different_from_other_tide,pass,pending_all_scene_matrix
scene_variant,visitor1,VISITOR 1 - Misses a speedboat passing by,high,island,1,VISITOR,1,scene12,SXVI1.SCR,67,pass,pass,MATCH,25c5d84593ac20cbee354eaab7779ab7397d6bbe,b7f151f3c1b794d1bd5c31819b6a59ba48c70624,603,152,107,6207ffab5951fa97,c02697668a8f3123,700dab087aa61d33,268852,8050,1,1,0x4a430013,1,0,1@481/60:5/playable,different_from_other_tide,pass,pending_all_scene_matrix
scene_variant,visitor1,VISITOR 1 - Misses a speedboat passing by,low,island,1,VISITOR,1,scene12,SXVI1.SCR,67,pass,pass,MATCH,25c5d84593ac20cbee354eaab7779ab7397d6bbe,b7f151f3c1b794d1bd5c31819b6a59ba48c70624,603,152,108,4152b34fe01e7e0b,b853a5682aa4973f,4ca3392feebe4f27,270741,4914,1,1,0x4a430013,1,0,1@481/60:5/playable,different_from_other_tide,pass,pending_all_scene_matrix
scene_variant,visitor3,"VISITOR 3 - Waves down what looks like a small boat, but it's huge",high,island,1,VISITOR,3,scene10,SXVI3.SCR,145,pass,pass,MATCH,25c5d84593ac20cbee354eaab7779ab7397d6bbe,b7f151f3c1b794d1bd5c31819b6a59ba48c70624,892,224,171,94fbd537df25fc97,edb4da83f7ecd77f,116cfc913a5a7b53,274805,8050,1,1,0x4a430014,8,0,1@1/0:6/playable;2@92/13:6/playable;3@163/23:5/playable;4@223/40:8/playable;5@583/157:8/playable;6@658/162:15/playable;7@703/165:1/playable;8@799/185:10/playable,different_from_other_tide,pass,pending_all_scene_matrix
scene_variant,visitor3,"VISITOR 3 - Waves down what looks like a small boat, but it's huge",low,island,1,VISITOR,3,scene10,SXVI3.SCR,145,pass,pass,MATCH,25c5d84593ac20cbee354eaab7779ab7397d6bbe,b7f151f3c1b794d1bd5c31819b6a59ba48c70624,892,224,180,c3e2f3d702e34263,0c3d25355b4c76f7,d4b4fb320feb66ab,275764,4919,1,1,0x4a430014,8,0,1@1/0:6/playable;2@92/13:6/playable;3@163/23:5/playable;4@223/40:8/playable;5@583/157:8/playable;6@658/162:15/playable;7@703/165:1/playable;8@799/185:10/playable,different_from_other_tide,pass,pending_all_scene_matrix
scene_variant,visitor4,VISITOR 4 - Shakes the palm; coconut rolls into the ocean,high,island,1,VISITOR,4,scene56,SXVI4.SCR,55,pass,pass,MATCH,25c5d84593ac20cbee354eaab7779ab7397d6bbe,b7f151f3c1b794d1bd5c31819b6a59ba48c70624,419,106,62,332e879c3bf4e30f,6735aeb534a6ec3b,e59236d5b42c6043,268854,8050,1,1,0x4a430015,3,0,1@222/33:23/playable;2@234/34:5/playable;3@335/48:1/playable,different_from_other_tide,pass,pending_all_scene_matrix
scene_variant,visitor4,VISITOR 4 - Shakes the palm; coconut rolls into the ocean,low,island,1,VISITOR,4,scene56,SXVI4.SCR,55,pass,pass,MATCH,25c5d84593ac20cbee354eaab7779ab7397d6bbe,b7f151f3c1b794d1bd5c31819b6a59ba48c70624,419,106,68,8bc76c79a63dbdd3,ba40d8d86a12bf17,01beea17afc24c27,270741,4919,1,1,0x4a430015,3,0,1@222/33:23/playable;2@234/34:5/playable;3@335/48:1/playable,different_from_other_tide,pass,pending_all_scene_matrix
scene_variant,visitor5,VISITOR 5 - Throws a coconut at a plane; it crashes,high,island,1,VISITOR,5,visitorboat,SXVI5.SCR,180,pass,pass,MATCH,25c5d84593ac20cbee354eaab7779ab7397d6bbe,b7f151f3c1b794d1bd5c31819b6a59ba48c70624,937,235,179,e87784fa005bb28b,275b3373cbf82ceb,5a60519f00aac33b,269340,7563,1,1,0x4a430016,8,0,1@463/103:9/playable;2@483/108:8/playable;3@539/122:8/playable;4@669/148:23/playable;5@736/162:4/playable;6@752/166:10/playable;7@789/169:1/playable;8@857/181:24/playable,different_from_other_tide,pass,pending_all_scene_matrix
scene_variant,visitor5,VISITOR 5 - Throws a coconut at a plane; it crashes,low,island,1,VISITOR,5,visitorboat,SXVI5.SCR,180,pass,pass,MATCH,25c5d84593ac20cbee354eaab7779ab7397d6bbe,b7f151f3c1b794d1bd5c31819b6a59ba48c70624,937,235,175,ea3aa186657bff7f,5b958210161fe48f,7203a7b618669b0b,271011,6126,1,1,0x4a430016,8,0,1@463/103:9/playable;2@483/108:8/playable;3@539/122:8/playable;4@669/148:23/playable;5@736/162:4/playable;6@752/166:10/playable;7@789/169:1/playable;8@857/181:24/playable,different_from_other_tide,pass,pending_all_scene_matrix
scene_variant,visitor6,"VISITOR 6 - Shakes tree, cracks coconut on it, eats",high,island,1,VISITOR,6,scene61,SXVI6.SCR,121,pass,pass,MATCH,25c5d84593ac20cbee354eaab7779ab7397d6bbe,b7f151f3c1b794d1bd5c31819b6a59ba48c70624,1754,440,242,332e879c3bf4e30f,1655f82d930230eb,bb64b886d6a47fbf,268854,8050,1,1,0x4a430017,10,0,1@222/33:23/playable;2@323/41:5/playable;3@551/60:5/playable;4@636/68:9/playable;5@739/74:4/playable;6@779/75:23/playable;7@802/76:4/playable;8@842/77:23/playable;9@865/78:4/playable;10@905/79:23/playable,different_from_other_tide,pass,pending_all_scene_matrix
scene_variant,visitor6,"VISITOR 6 - Shakes tree, cracks coconut on it, eats",low,island,1,VISITOR,6,scene61,SXVI6.SCR,121,pass,pass,MATCH,25c5d84593ac20cbee354eaab7779ab7397d6bbe,b7f151f3c1b794d1bd5c31819b6a59ba48c70624,1754,440,259,8bc76c79a63dbdd3,78fb157cc7f12ed3,bbff6f47edbe45cb,270741,4919,1,1,0x4a430017,10,0,1@222/33:23/playable;2@323/41:5/playable;3@551/60:5/playable;4@636/68:9/playable;5@739/74:4/playable;6@779/75:23/playable;7@802/76:4/playable;8@842/77:23/playable;9@865/78:4/playable;10@905/79:23/playable,different_from_other_tide,pass,pending_all_scene_matrix
scene_variant,visitor7,"VISITOR 7 - Cracks a coconut on the tree, eats it (no-shake variant)",high,island,1,VISITOR,7,scene55,SXVI7.SCR,91,pass,pass,MATCH,25c5d84593ac20cbee354eaab7779ab7397d6bbe,b7f151f3c1b794d1bd5c31819b6a59ba48c70624,1393,349,182,332e879c3bf4e30f,da90ca1540ad6fdb,d7e6e47de303e94b,268854,8050,1,1,0x4a430018,8,0,1@222/33:23/playable;2@275/39:9/playable;3@378/45:4/playable;4@418/46:23/playable;5@441/47:4/playable;6@481/48:23/playable;7@504/49:4/playable;8@544/50:23/playable,different_from_other_tide,pass,pending_all_scene_matrix
scene_variant,visitor7,"VISITOR 7 - Cracks a coconut on the tree, eats it (no-shake variant)",low,island,1,VISITOR,7,scene55,SXVI7.SCR,91,pass,pass,MATCH,25c5d84593ac20cbee354eaab7779ab7397d6bbe,b7f151f3c1b794d1bd5c31819b6a59ba48c70624,1393,349,200,8bc76c79a63dbdd3,377be55b7743ccc3,38ea170d2f564fb3,270741,4919,1,1,0x4a430018,8,0,1@222/33:23/playable;2@275/39:9/playable;3@378/45:4/playable;4@418/46:23/playable;5@441/47:4/playable;6@481/48:23/playable;7@504/49:4/playable;8@544/50:23/playable,different_from_other_tide,pass,pending_all_scene_matrix
scene_variant,activity1,ACTIVITY 01 - Climbs the palm and belly-flops,high,island,1,ACTIVITY,1,scene00,SXAC1.SCR,194,pass,pass,MATCH,25c5d84593ac20cbee354eaab7779ab7397d6bbe,b7f151f3c1b794d1bd5c31819b6a59ba48c70624,3230,809,395,a5aee2c79bc27a13,405df9fd407ac013,d9a9e2d75d88d097,269691,8050,1,1,0x4a430019,4,0,1@363/44:14/playable;2@510/51:8/playable;3@577/61:1/playable;4@642/67:19/playable,different_from_other_tide,pass,pending_all_scene_matrix
scene_variant,activity1,ACTIVITY 01 - Climbs the palm and belly-flops,low,island,1,ACTIVITY,1,scene00,SXAC1.SCR,194,pass,pass,MATCH,25c5d84593ac20cbee354eaab7779ab7397d6bbe,b7f151f3c1b794d1bd5c31819b6a59ba48c70624,3230,809,410,d73cbfb64f3505cf,39d2021cda553b67,74ea24036cff9327,271578,4919,1,1,0x4a430019,4,0,1@363/44:14/playable;2@510/51:8/playable;3@577/61:1/playable;4@642/67:19/playable,different_from_other_tide,pass,pending_all_scene_matrix
scene_variant,activity4,ACTIVITY 04 - Climbs the palm and dives in,high,island,1,ACTIVITY,4,scene02,SXAC4.SCR,190,pass,pass,MATCH,25c5d84593ac20cbee354eaab7779ab7397d6bbe,b7f151f3c1b794d1bd5c31819b6a59ba48c70624,912,229,173,a5aee2c79bc27a13,626c93779548e3fb,61ce481ac527c0a7,269316,8050,1,1,0x4a43001a,3,0,1@393/45:14/playable;2@505/51:4/playable;3@559/58:1/playable,different_from_other_tide,pass,pending_all_scene_matrix
scene_variant,activity4,ACTIVITY 04 - Climbs the palm and dives in,low,island,1,ACTIVITY,4,scene02,SXAC4.SCR,190,pass,pass,MATCH,25c5d84593ac20cbee354eaab7779ab7397d6bbe,b7f151f3c1b794d1bd5c31819b6a59ba48c70624,912,229,173,d73cbfb64f3505cf,ee190e7469f256e3,38ea170d2f564fb3,271240,4919,1,1,0x4a43001a,3,0,1@393/45:14/playable;2@505/51:4/playable;3@559/58:1/playable,different_from_other_tide,pass,pending_all_scene_matrix
scene_variant,activity5,"ACTIVITY 05 - Rain dance, struck by lightning",high,island,1,ACTIVITY,5,scene05,SXAC5.SCR,169,pass,pass,MATCH,25c5d84593ac20cbee354eaab7779ab7397d6bbe,b7f151f3c1b794d1bd5c31819b6a59ba48c70624,2129,533,317,6c517b27b637bedf,d9a9e2d75d88d097,5339699e7b80f497,268854,8050,1,1,0x4a43001b,35,0,1@8/1:24/playable;2@567/61:24/playable;3@598/61:9/playable;4@767/94:19/playable;5@797/96:19/playable;6@827/98:19/playable;7@963/105:22/playable;8@975/108:22/playable;9@987/111:22/playable;10@999/114:22/playable;11@1011/117:22/playable;12@1023/120:22/playable;13@1104/124:6/playable;14@1120/126:6/playable;15@1152/128:6/playable;16@1195/130:6/playable;17@1209/132:6/playable;18@1223/134:6/playable;19@1237/136:6/playable;20@1251/138:6/playable;21@1265/140:6/playable;22@1279/142:6/playable;23@1293/144:6/playable;24@1307/146:6/playable;25@1321/148:6/playable;26@1335/150:6/playable;27@1363/154:6/playable;28@1614/190:6/playable;29@1626/192:6/playable;30@1638/194:6/playable;31@1674/196:6/playable;32@1885/227:10/playable;33@2031/234:19/playable;34@2073/236:19/playable;35@2115/238:19/playable,different_from_other_tide,pass,pending_all_scene_matrix
scene_variant,activity5,"ACTIVITY 05 - Rain dance, struck by lightning",low,island,1,ACTIVITY,5,scene05,SXAC5.SCR,169,pass,pass,MATCH,25c5d84593ac20cbee354eaab7779ab7397d6bbe,b7f151f3c1b794d1bd5c31819b6a59ba48c70624,2129,533,339,c8bbc0cfdac82f13,fe275faf5bbd2db3,5398bf26436b0e4f,270776,4919,1,1,0x4a43001b,35,0,1@8/1:24/playable;2@567/61:24/playable;3@598/61:9/playable;4@767/94:19/playable;5@797/96:19/playable;6@827/98:19/playable;7@963/105:22/playable;8@975/108:22/playable;9@987/111:22/playable;10@999/114:22/playable;11@1011/117:22/playable;12@1023/120:22/playable;13@1104/124:6/playable;14@1120/126:6/playable;15@1152/128:6/playable;16@1195/130:6/playable;17@1209/132:6/playable;18@1223/134:6/playable;19@1237/136:6/playable;20@1251/138:6/playable;21@1265/140:6/playable;22@1279/142:6/playable;23@1293/144:6/playable;24@1307/146:6/playable;25@1321/148:6/playable;26@1335/150:6/playable;27@1363/154:6/playable;28@1614/190:6/playable;29@1626/192:6/playable;30@1638/194:6/playable;31@1674/196:6/playable;32@1885/227:10/playable;33@2031/234:19/playable;34@2073/236:19/playable;35@2115/238:19/playable,different_from_other_tide,pass,pending_all_scene_matrix
scene_variant,activity6,"ACTIVITY 06 - Reads, falls asleep, coconut bonk",high,island,1,ACTIVITY,6,scene07,SXAC6.SCR,105,pass,pass,MATCH,25c5d84593ac20cbee354eaab7779ab7397d6bbe,b7f151f3c1b794d1bd5c31819b6a59ba48c70624,2856,715,178,746f7e92d416696f,5576f259de59e0ff,61ce481ac527c0a7,268854,8050,1,1,0x4a43001c,5,0,1@483/22:4/playable;2@483/22:8/playable;3@572/32:23/playable;4@630/39:23/playable;5@686/46:1/playable,different_from_other_tide,pass,pending_all_scene_matrix
scene_variant,activity6,"ACTIVITY 06 - Reads, falls asleep, coconut bonk",low,island,1,ACTIVITY,6,scene07,SXAC6.SCR,105,pass,pass,MATCH,25c5d84593ac20cbee354eaab7779ab7397d6bbe,b7f151f3c1b794d1bd5c31819b6a59ba48c70624,2856,715,204,981895090af58ac3,11ba1b4451a43f0b,d0c98b8c62cd8173,270773,4919,1,1,0x4a43001c,5,0,1@483/22:4/playable;2@483/22:8/playable;3@572/32:23/playable;4@630/39:23/playable;5@686/46:1/playable,different_from_other_tide,pass,pending_all_scene_matrix
scene_variant,activity7,ACTIVITY 07 - Reads a book upside-down,high,island,1,ACTIVITY,7,scene03,SXAC7.SCR,57,pass,pass,MATCH,25c5d84593ac20cbee354eaab7779ab7397d6bbe,b7f151f3c1b794d1bd5c31819b6a59ba48c70624,947,238,90,746f7e92d416696f,076f245e4a31f5eb,9ffd628835b1179b,268854,8050,1,1,0x4a43001d,3,0,1@459/29:5/playable;2@544/30:7/playable;3@601/36:9/playable,different_from_other_tide,pass,pending_all_scene_matrix
scene_variant,activity7,ACTIVITY 07 - Reads a book upside-down,low,island,1,ACTIVITY,7,scene03,SXAC7.SCR,57,pass,pass,MATCH,25c5d84593ac20cbee354eaab7779ab7397d6bbe,b7f151f3c1b794d1bd5c31819b6a59ba48c70624,947,238,100,981895090af58ac3,f4c89270f7d80bcb,58215427bb6c8f4b,270756,4919,1,1,0x4a43001d,3,0,1@459/29:5/playable;2@544/30:7/playable;3@601/36:9/playable,different_from_other_tide,pass,pending_all_scene_matrix
scene_variant,activity8,"ACTIVITY 08 - Bathes, then walks behind tree to dress",high,island,1,ACTIVITY,8,scene08,SXAC8.SCR,87,pass,pass,MATCH,25c5d84593ac20cbee354eaab7779ab7397d6bbe,b7f151f3c1b794d1bd5c31819b6a59ba48c70624,785,197,126,2396fddbd2dc91ef,dae1543edfbdd3cb,b61e0d5abe915513,268854,8050,1,1,0x4a43001e,11,0,1@1/1:6/playable;2@241/14:6/playable;3@294/17:8/playable;4@361/24:6/playable;5@481/37:6/playable;6@604/49:22/playable;7@616/52:22/playable;8@628/55:22/playable;9@640/58:22/playable;10@696/65:3/playable;11@728/69:3/playable,different_from_other_tide,pass,pending_all_scene_matrix
scene_variant,activity8,"ACTIVITY 08 - Bathes, then walks behind tree to dress",low,island,1,ACTIVITY,8,scene08,SXAC8.SCR,87,pass,pass,MATCH,25c5d84593ac20cbee354eaab7779ab7397d6bbe,b7f151f3c1b794d1bd5c31819b6a59ba48c70624,785,197,128,56fca2d47035fb13,c201f8afb4f6aa1f,5398bf26436b0e4f,270776,4919,1,1,0x4a43001e,11,0,1@1/1:6/playable;2@241/14:6/playable;3@294/17:8/playable;4@361/24:6/playable;5@481/37:6/playable;6@604/49:22/playable;7@616/52:22/playable;8@628/55:22/playable;9@640/58:22/playable;10@696/65:3/playable;11@728/69:3/playable,different_from_other_tide,pass,pending_all_scene_matrix
scene_variant,activity9,"ACTIVITY 09 - Rain dance, boat with couple passes, costume drops, naked",high,island,1,ACTIVITY,9,scene09,SXAC9.SCR,255,pass,pass,MATCH,25c5d84593ac20cbee354eaab7779ab7397d6bbe,b7f151f3c1b794d1bd5c31819b6a59ba48c70624,1844,462,321,7f80e3d92c448bbf,03f94de405d6a33b,5339699e7b80f497,268854,8050,1,1,0x4a43001f,33,0,1@106/6:22/playable;2@118/9:22/playable;3@130/12:22/playable;4@142/15:22/playable;5@154/18:22/playable;6@166/21:22/playable;7@244/24:6/playable;8@260/26:6/playable;9@284/29:6/playable;10@308/32:6/playable;11@332/35:6/playable;12@356/38:6/playable;13@380/41:6/playable;14@404/44:6/playable;15@428/47:6/playable;16@452/50:6/playable;17@476/53:6/playable;18@500/56:6/playable;19@517/57:6/playable;20@541/60:6/playable;21@565/63:6/playable;22@589/66:6/playable;23@613/69:6/playable;24@637/72:6/playable;25@661/75:6/playable;26@685/78:6/playable;27@709/81:6/playable;28@733/84:6/playable;29@805/93:6/playable;30@814/93:5/playable;31@828/95:8/playable;32@1089/174:19/playable;33@1775/259:24/playable,different_from_other_tide,pass,pending_all_scene_matrix
scene_variant,activity9,"ACTIVITY 09 - Rain dance, boat with couple passes, costume drops, naked",low,island,1,ACTIVITY,9,scene09,SXAC9.SCR,255,pass,pass,MATCH,25c5d84593ac20cbee354eaab7779ab7397d6bbe,b7f151f3c1b794d1bd5c31819b6a59ba48c70624,1844,462,320,7ccc2e8017f2fef3,b0455f03367017cb,5398bf26436b0e4f,270776,4919,1,1,0x4a43001f,33,0,1@106/6:22/playable;2@118/9:22/playable;3@130/12:22/playable;4@142/15:22/playable;5@154/18:22/playable;6@166/21:22/playable;7@244/24:6/playable;8@260/26:6/playable;9@284/29:6/playable;10@308/32:6/playable;11@332/35:6/playable;12@356/38:6/playable;13@380/41:6/playable;14@404/44:6/playable;15@428/47:6/playable;16@452/50:6/playable;17@476/53:6/playable;18@500/56:6/playable;19@517/57:6/playable;20@541/60:6/playable;21@565/63:6/playable;22@589/66:6/playable;23@613/69:6/playable;24@637/72:6/playable;25@661/75:6/playable;26@685/78:6/playable;27@709/81:6/playable;28@733/84:6/playable;29@805/93:6/playable;30@814/93:5/playable;31@828/95:8/playable;32@1089/174:19/playable;33@1775/259:24/playable,different_from_other_tide,pass,pending_all_scene_matrix
scene_variant,activity10,ACTIVITY 10 - Reads; seagull steals book,high,island,1,ACTIVITY,10,scene04,SXAC10.SCR,164,pass,pass,MATCH,25c5d84593ac20cbee354eaab7779ab7397d6bbe,b7f151f3c1b794d1bd5c31819b6a59ba48c70624,1694,425,253,746f7e92d416696f,522874634a130cbf,3eda52a9c8ee64d7,268854,8050,1,1,0x4a430020,10,0,1@259/10:21/playable;2@294/16:21/playable;3@361/27:21/playable;4@431/37:21/playable;5@495/45:21/playable;6@766/69:21/playable;7@854/84:21/playable;8@1054/111:21/playable;9@1089/118:8/playable;10@1174/128:3/playable,different_from_other_tide,pass,pending_all_scene_matrix
scene_variant,activity10,ACTIVITY 10 - Reads; seagull steals book,low,island,1,ACTIVITY,10,scene04,SXAC10.SCR,164,pass,pass,MATCH,25c5d84593ac20cbee354eaab7779ab7397d6bbe,b7f151f3c1b794d1bd5c31819b6a59ba48c70624,1694,425,260,981895090af58ac3,7dce9e594b2b944b,74ea24036cff9327,270716,4919,1,1,0x4a430020,10,0,1@259/10:21/playable;2@294/16:21/playable;3@361/27:21/playable;4@431/37:21/playable;5@495/45:21/playable;6@766/69:21/playable;7@854/84:21/playable;8@1054/111:21/playable;9@1089/118:8/playable;10@1174/128:3/playable,different_from_other_tide,pass,pending_all_scene_matrix
scene_variant,activity11,ACTIVITY 11 - Bird steals Johnny's clothes,high,island,1,ACTIVITY,11,scene06,SXAC11.SCR,208,pass,pass,MATCH,25c5d84593ac20cbee354eaab7779ab7397d6bbe,b7f151f3c1b794d1bd5c31819b6a59ba48c70624,1707,428,299,f9d170bc9ecc13c3,a196c523f9f3a897,fcbcac900cf7ce8b,268852,8050,1,1,0x4a430021,20,0,1@1/2:6/playable;2@11/6:21/playable;3@81/35:21/playable;4@174/68:21/playable;5@241/92:6/playable;6@361/142:6/playable;7@423/169:21/playable;8@463/184:21/playable;9@481/191:6/playable;10@604/242:21/playable;11@749/306:21/playable;12@766/315:21/playable;13@777/318:3/playable;14@916/344:21/playable;15@1007/362:21/playable;16@1059/371:21/playable;17@1111/380:21/playable;18@1163/389:21/playable;19@1215/398:21/playable;20@1462/415:24/playable,different_from_other_tide,pass,pending_all_scene_matrix
scene_variant,activity11,ACTIVITY 11 - Bird steals Johnny's clothes,low,island,1,ACTIVITY,11,scene06,SXAC11.SCR,208,pass,pass,MATCH,25c5d84593ac20cbee354eaab7779ab7397d6bbe,b7f151f3c1b794d1bd5c31819b6a59ba48c70624,1707,428,303,c0dc2b13da8bea8f,10e6009ebee50d93,cefffc46abef8e8b,270776,4919,1,1,0x4a430021,20,0,1@1/2:6/playable;2@11/6:21/playable;3@81/35:21/playable;4@174/68:21/playable;5@241/92:6/playable;6@361/142:6/playable;7@423/169:21/playable;8@463/184:21/playable;9@481/191:6/playable;10@604/242:21/playable;11@749/306:21/playable;12@766/315:21/playable;13@777/318:3/playable;14@916/344:21/playable;15@1007/362:21/playable;16@1059/371:21/playable;17@1111/380:21/playable;18@1163/389:21/playable;19@1215/398:21/playable;20@1462/415:24/playable,different_from_other_tide,pass,pending_all_scene_matrix
scene_variant,activity12,"ACTIVITY 12 - Bird on head, Johnny clubs himself",high,island,1,ACTIVITY,12,scene01,SXAC12.SCR,252,pass,pass,MATCH,25c5d84593ac20cbee354eaab7779ab7397d6bbe,b7f151f3c1b794d1bd5c31819b6a59ba48c70624,1487,373,229,746f7e92d416696f,656e676f94797933,1561f5c8b62d277f,268446,8050,1,1,0x4a430022,10,0,1@487/37:21/playable;2@626/54:21/playable;3@736/67:5/playable;4@1060/90:23/playable;5@1096/90:21/playable;6@1130/94:21/playable;7@1175/99:21/playable;8@1238/106:21/playable;9@1283/111:21/playable;10@1423/120:24/playable,different_from_other_tide,pass,pending_all_scene_matrix
scene_variant,activity12,"ACTIVITY 12 - Bird on head, Johnny clubs himself",low,island,1,ACTIVITY,12,scene01,SXAC12.SCR,252,pass,pass,MATCH,25c5d84593ac20cbee354eaab7779ab7397d6bbe,b7f151f3c1b794d1bd5c31819b6a59ba48c70624,1487,373,235,981895090af58ac3,2b362a548ff3d24b,c94ed14bb41363f7,270310,4919,1,1,0x4a430022,10,0,1@487/37:21/playable;2@626/54:21/playable;3@736/67:5/playable;4@1060/90:23/playable;5@1096/90:21/playable;6@1130/94:21/playable;7@1175/99:21/playable;8@1238/106:21/playable;9@1283/111:21/playable;10@1423/120:24/playable,different_from_other_tide,pass,pending_all_scene_matrix
scene_variant,miscgag1,MISCGAG 1 - Heat melts Johnny,high,island,1,MISCGAG,1,scene37,SXMG1.SCR,69,pass,pass,MATCH,25c5d84593ac20cbee354eaab7779ab7397d6bbe,b7f151f3c1b794d1bd5c31819b6a59ba48c70624,945,237,100,9831a6a4041bdd73,f69cc6534f8d57a7,f184d9e6ddd36033,268852,8050,1,1,0x4a430023,3,0,1@96/12:24/playable;2@580/46:9/playable;3@732/61:16/playable,different_from_other_tide,pass,pending_all_scene_matrix
scene_variant,miscgag1,MISCGAG 1 - Heat melts Johnny,low,island,1,MISCGAG,1,scene37,SXMG1.SCR,69,pass,pass,MATCH,25c5d84593ac20cbee354eaab7779ab7397d6bbe,b7f151f3c1b794d1bd5c31819b6a59ba48c70624,945,237,117,ddd90fe9433c18ff,0030a29b305b69f7,e46f4e7aa44ab7d3,270776,4919,1,1,0x4a430023,3,0,1@96/12:24/playable;2@580/46:9/playable;3@732/61:16/playable,different_from_other_tide,pass,pending_all_scene_matrix
scene_variant,miscgag2,MISCGAG 2 - Goes to bathe; a shark scares him off,high,island,1,MISCGAG,2,scene38,SXMG2.SCR,84,pass,pass,MATCH,25c5d84593ac20cbee354eaab7779ab7397d6bbe,b7f151f3c1b794d1bd5c31819b6a59ba48c70624,1161,291,160,11dc4022861a0d77,81362d8f6c328eb3,f184d9e6ddd36033,268852,8050,1,1,0x4a430024,9,0,1@53/7:6/playable;2@300/31:16/playable;3@450/36:16/playable;4@592/42:1/playable;5@627/47:23/playable;6@741/62:1/playable;7@769/66:5/playable;8@826/68:8/playable;9@928/72:9/playable,different_from_other_tide,pass,pending_all_scene_matrix
scene_variant,miscgag2,MISCGAG 2 - Goes to bathe; a shark scares him off,low,island,1,MISCGAG,2,scene38,SXMG2.SCR,84,pass,pass,MATCH,25c5d84593ac20cbee354eaab7779ab7397d6bbe,b7f151f3c1b794d1bd5c31819b6a59ba48c70624,1161,291,172,835c369762c1d29b,073bb4a7c584eb87,fe275faf5bbd2db3,270756,4919,1,1,0x4a430024,9,0,1@53/7:6/playable;2@300/31:16/playable;3@450/36:16/playable;4@592/42:1/playable;5@627/47:23/playable;6@741/62:1/playable;7@769/66:5/playable;8@826/68:8/playable;9@928/72:9/playable,different_from_other_tide,pass,pending_all_scene_matrix
scene_variant,suzy1,SUZY 1 - Suzy finds a letter from Johnny,high,suzy_beach,0,SUZY,1,scene53,SXSU1.SCR,177,pass,pass,MATCH,25c5d84593ac20cbee354eaab7779ab7397d6bbe,b7f151f3c1b794d1bd5c31819b6a59ba48c70624,1665,417,123,8c63626f9ad34463,0df30129fa4b2aab,568940536c2aa56f,98455,0,0,0,0x4a430025,3,0,1@503/71:16/playable;2@933/110:16/playable;3@1027/118:16/playable,identical_to_other_tide,pass,pending_all_scene_matrix
scene_variant,suzy1,SUZY 1 - Suzy finds a letter from Johnny,low,suzy_beach,0,SUZY,1,scene53,SXSU1.SCR,177,pass,pass,MATCH,25c5d84593ac20cbee354eaab7779ab7397d6bbe,b7f151f3c1b794d1bd5c31819b6a59ba48c70624,1665,417,123,8c63626f9ad34463,0df30129fa4b2aab,568940536c2aa56f,98455,0,0,0,0x4a430025,3,0,1@503/71:16/playable;2@933/110:16/playable;3@1027/118:16/playable,identical_to_other_tide,pass,pending_all_scene_matrix
scene_variant,suzy2,SUZY 2 - Johnny drifts in on his raft and meets Suzy,high,suzy_beach,0,SUZY,2,scene54,SXSU2.SCR,133,pass,pass,MATCH,25c5d84593ac20cbee354eaab7779ab7397d6bbe,b7f151f3c1b794d1bd5c31819b6a59ba48c70624,1381,346,113,8c63626f9ad34463,c6e7030367375cb3,4b847cf505a5493b,98484,0,0,0,0x4a430026,12,0,1@354/61:24/playable;2@534/76:5/playable;3@654/78:9/playable;4@814/89:12/playable;5@872/94:12/playable;6@993/99:23/playable;7@1056/102:15/playable;8@1144/104:5/playable;9@1188/108:8/playable;10@1215/111:18/playable;11@1278/118:18/playable;12@1332/124:18/playable,identical_to_other_tide,pass,pending_all_scene_matrix
scene_variant,suzy2,SUZY 2 - Johnny drifts in on his raft and meets Suzy,low,suzy_beach,0,SUZY,2,scene54,SXSU2.SCR,133,pass,pass,MATCH,25c5d84593ac20cbee354eaab7779ab7397d6bbe,b7f151f3c1b794d1bd5c31819b6a59ba48c70624,1381,346,113,8c63626f9ad34463,c6e7030367375cb3,4b847cf505a5493b,98484,0,0,0,0x4a430026,12,0,1@354/61:24/playable;2@534/76:5/playable;3@654/78:9/playable;4@814/89:12/playable;5@872/94:12/playable;6@993/99:23/playable;7@1056/102:15/playable;8@1144/104:5/playable;9@1188/108:8/playable;10@1215/111:18/playable;11@1278/118:18/playable;12@1332/124:18/playable,identical_to_other_tide,pass,pending_all_scene_matrix
scene_variant,stand1,STAND 01 - Standing at the edge of the island,high,island,1,STAND,1,scene39,SXST1.SCR,17,pass,pass,MATCH,25c5d84593ac20cbee354eaab7779ab7397d6bbe,b7f151f3c1b794d1bd5c31819b6a59ba48c70624,2503,627,59,f8594f65e148828f,a20b29b53531b07b,8c79724148b7a857,268852,8050,1,1,0x4a430027,0,0,,different_from_other_tide,pass,pending_all_scene_matrix
scene_variant,stand1,STAND 01 - Standing at the edge of the island,low,island,1,STAND,1,scene39,SXST1.SCR,17,pass,pass,MATCH,25c5d84593ac20cbee354eaab7779ab7397d6bbe,b7f151f3c1b794d1bd5c31819b6a59ba48c70624,2503,627,72,d7b2640d19ac4c53,aee37cf10ca3f49b,aee37cf10ca3f49b,270776,4919,1,1,0x4a430027,0,0,,different_from_other_tide,pass,pending_all_scene_matrix
scene_variant,stand2,"STAND 02 - Standing, adjusting pants",high,island,1,STAND,2,scene40,SXST2.SCR,78,pass,pass,MATCH,25c5d84593ac20cbee354eaab7779ab7397d6bbe,b7f151f3c1b794d1bd5c31819b6a59ba48c70624,1170,294,36,72ddccce92b12c87,8e1e3a9526b0680f,86c4ba774243bc43,268852,8050,1,1,0x4a430028,0,0,,different_from_other_tide,pass,pending_all_scene_matrix
scene_variant,stand2,"STAND 02 - Standing, adjusting pants",low,island,1,STAND,2,scene40,SXST2.SCR,78,pass,pass,MATCH,25c5d84593ac20cbee354eaab7779ab7397d6bbe,b7f151f3c1b794d1bd5c31819b6a59ba48c70624,1170,294,46,4f239b6b0c15721b,1e346e7d9a4bb66f,449fa0193d3ea05b,270776,4919,1,1,0x4a430028,0,0,,different_from_other_tide,pass,pending_all_scene_matrix
scene_variant,stand3,"STAND 03 - Standing at edge of island, adjusts hat",high,island,1,STAND,3,scene46,SXST3.SCR,47,pass,pass,MATCH,25c5d84593ac20cbee354eaab7779ab7397d6bbe,b7f151f3c1b794d1bd5c31819b6a59ba48c70624,1270,319,55,0f09cc0cb446a057,822bd18a05d0756b,8f8cc56d066b8fdf,268852,8050,1,1,0x4a430029,0,0,,different_from_other_tide,pass,pending_all_scene_matrix
scene_variant,stand3,"STAND 03 - Standing at edge of island, adjusts hat",low,island,1,STAND,3,scene46,SXST3.SCR,47,pass,pass,MATCH,25c5d84593ac20cbee354eaab7779ab7397d6bbe,b7f151f3c1b794d1bd5c31819b6a59ba48c70624,1270,319,60,331f7b1144b3fc2b,a18bfd274a370fdb,841c7b27a5aecd67,270776,4919,1,1,0x4a430029,0,0,,different_from_other_tide,pass,pending_all_scene_matrix
scene_variant,stand4,"STAND 04 - Standing at front of island, adjusts hat",high,island,1,STAND,4,scene42,SXST4.SCR,106,pass,pass,MATCH,25c5d84593ac20cbee354eaab7779ab7397d6bbe,b7f151f3c1b794d1bd5c31819b6a59ba48c70624,1588,398,43,f8594f65e148828f,5e67407856471d57,6550c97228fdb25f,268852,8050,1,1,0x4a43002a,0,0,,different_from_other_tide,pass,pending_all_scene_matrix
scene_variant,stand4,"STAND 04 - Standing at front of island, adjusts hat",low,island,1,STAND,4,scene42,SXST4.SCR,106,pass,pass,MATCH,25c5d84593ac20cbee354eaab7779ab7397d6bbe,b7f151f3c1b794d1bd5c31819b6a59ba48c70624,1588,398,54,d7b2640d19ac4c53,1300e72c6121aa9b,9f2018f05fb99aff,270773,4919,1,1,0x4a43002a,0,0,,different_from_other_tide,pass,pending_all_scene_matrix
scene_variant,stand5,"STAND 05 - Standing at front of island, looking out over the ocean",high,island,1,STAND,5,scene41,SXST5.SCR,130,pass,pass,MATCH,25c5d84593ac20cbee354eaab7779ab7397d6bbe,b7f151f3c1b794d1bd5c31819b6a59ba48c70624,3162,792,84,26aad32a420559e7,f9d9098e2ee5dea7,87e88d97bef1f993,268854,8050,1,1,0x4a43002b,0,0,,different_from_other_tide,pass,pending_all_scene_matrix
scene_variant,stand5,"STAND 05 - Standing at front of island, looking out over the ocean",low,island,1,STAND,5,scene41,SXST5.SCR,130,pass,pass,MATCH,25c5d84593ac20cbee354eaab7779ab7397d6bbe,b7f151f3c1b794d1bd5c31819b6a59ba48c70624,3162,792,101,e9831898ebd938b3,c70103b3ad551ed3,430c20aa415cdca7,270741,4919,1,1,0x4a43002b,0,0,,different_from_other_tide,pass,pending_all_scene_matrix
scene_variant,stand6,"STAND 06 - Looks out at the ocean, scratches head",high,island,1,STAND,6,scene47,SXST6.SCR,118,pass,pass,MATCH,25c5d84593ac20cbee354eaab7779ab7397d6bbe,b7f151f3c1b794d1bd5c31819b6a59ba48c70624,3032,759,57,546ddd5bcef9e27b,418ace2fbae9197f,f184d9e6ddd36033,268852,8050,1,1,0x4a43002c,0,0,,different_from_other_tide,pass,pending_all_scene_matrix
scene_variant,stand6,"STAND 06 - Looks out at the ocean, scratches head",low,island,1,STAND,6,scene47,SXST6.SCR,118,pass,pass,MATCH,25c5d84593ac20cbee354eaab7779ab7397d6bbe,b7f151f3c1b794d1bd5c31819b6a59ba48c70624,3032,759,78,3570fd5e07c6246f,cc18082baf57f5db,74ea24036cff9327,270761,4919,1,1,0x4a43002c,0,0,,different_from_other_tide,pass,pending_all_scene_matrix
scene_variant,stand7,"STAND 07 - Looks right, lifts hat",high,island,1,STAND,7,scene43,SXST7.SCR,47,pass,pass,MATCH,25c5d84593ac20cbee354eaab7779ab7397d6bbe,b7f151f3c1b794d1bd5c31819b6a59ba48c70624,1230,309,53,d01fe5afa253ca07,6fe9b2bc8e2c627f,4d792836cc36c9c3,268852,8050,1,1,0x4a43002d,0,0,,different_from_other_tide,pass,pending_all_scene_matrix
scene_variant,stand7,"STAND 07 - Looks right, lifts hat",low,island,1,STAND,7,scene43,SXST7.SCR,47,pass,pass,MATCH,25c5d84593ac20cbee354eaab7779ab7397d6bbe,b7f151f3c1b794d1bd5c31819b6a59ba48c70624,1230,309,54,eb000cde68ce4caf,42d38c43555bb153,f9a30bcf885f9f9b,270776,4919,1,1,0x4a43002d,0,0,,different_from_other_tide,pass,pending_all_scene_matrix
scene_variant,stand8,"STAND 08 - Right side of island, looks around, scratches head",high,island,1,STAND,8,scene44,SXST8.SCR,43,pass,pass,MATCH,25c5d84593ac20cbee354eaab7779ab7397d6bbe,b7f151f3c1b794d1bd5c31819b6a59ba48c70624,1190,299,42,4f18a7fef1574267,26aa4040c0716863,b1ef60e2ca960edb,268852,8050,1,1,0x4a43002e,0,0,,different_from_other_tide,pass,pending_all_scene_matrix
scene_variant,stand8,"STAND 08 - Right side of island, looks around, scratches head",low,island,1,STAND,8,scene44,SXST8.SCR,43,pass,pass,MATCH,25c5d84593ac20cbee354eaab7779ab7397d6bbe,b7f151f3c1b794d1bd5c31819b6a59ba48c70624,1190,299,49,c8d0d736bd087ba7,8827fad4b3240557,01f0a2f25302ef03,270776,4919,1,1,0x4a43002e,0,0,,different_from_other_tide,pass,pending_all_scene_matrix
scene_variant,stand9,"STAND 09 - By the palm, looks around, adjusts pants",high,island,1,STAND,9,scene45,SXST9.SCR,46,pass,pass,MATCH,25c5d84593ac20cbee354eaab7779ab7397d6bbe,b7f151f3c1b794d1bd5c31819b6a59ba48c70624,1230,309,51,b782a0ab0599a99f,87ab7f4be0580d4b,eda5f8569d6700b7,268852,8050,1,1,0x4a43002f,0,0,,different_from_other_tide,pass,pending_all_scene_matrix
scene_variant,stand9,"STAND 09 - By the palm, looks around, adjusts pants",low,island,1,STAND,9,scene45,SXST9.SCR,46,pass,pass,MATCH,25c5d84593ac20cbee354eaab7779ab7397d6bbe,b7f151f3c1b794d1bd5c31819b6a59ba48c70624,1230,309,54,5673ff2d06ec45a3,bc1e6e8e1c6a5963,6b0bb6831fa614eb,270776,4919,1,1,0x4a43002f,0,0,,different_from_other_tide,pass,pending_all_scene_matrix
scene_variant,stand10,"STAND 10 - Looks at his raft, looks around",high,island,1,STAND,10,scene48,SXST10.SCR,46,pass,pass,MATCH,25c5d84593ac20cbee354eaab7779ab7397d6bbe,b7f151f3c1b794d1bd5c31819b6a59ba48c70624,1230,309,51,654efc6fe9e99f37,ed7cc939a83d1867,71542b744642434b,268852,8050,1,1,0x4a430030,0,0,,different_from_other_tide,pass,pending_all_scene_matrix
scene_variant,stand10,"STAND 10 - Looks at his raft, looks around",low,island,1,STAND,10,scene48,SXST10.SCR,46,pass,pass,MATCH,25c5d84593ac20cbee354eaab7779ab7397d6bbe,b7f151f3c1b794d1bd5c31819b6a59ba48c70624,1230,309,54,509627d4ee39b79b,3a23892adb28cfcf,b24a5227d0ccfe67,270776,4919,1,1,0x4a430030,0,0,,different_from_other_tide,pass,pending_all_scene_matrix
scene_variant,stand11,"STAND 11 - Left side of island, looks around",high,island,1,STAND,11,scene50,SXST11.SCR,87,pass,pass,MATCH,25c5d84593ac20cbee354eaab7779ab7397d6bbe,b7f151f3c1b794d1bd5c31819b6a59ba48c70624,1230,309,51,5f2ed156eca82f93,c73b95f4ef70d52f,0ad11d830e015603,268852,8050,1,1,0x4a430031,0,0,,different_from_other_tide,pass,pending_all_scene_matrix
scene_variant,stand11,"STAND 11 - Left side of island, looks around",low,island,1,STAND,11,scene50,SXST11.SCR,87,pass,pass,MATCH,25c5d84593ac20cbee354eaab7779ab7397d6bbe,b7f151f3c1b794d1bd5c31819b6a59ba48c70624,1230,309,54,e90af555f123efcf,21cde8391ed9d447,d5054c74a7632fbf,270776,4919,1,1,0x4a430031,0,0,,different_from_other_tide,pass,pending_all_scene_matrix
scene_variant,stand12,"STAND 12 - Looks forward, adjusts hat",high,island,1,STAND,12,scene49,SXST12.SCR,238,pass,pass,MATCH,25c5d84593ac20cbee354eaab7779ab7397d6bbe,b7f151f3c1b794d1bd5c31819b6a59ba48c70624,1226,308,81,d473e18efb7bcdb7,f594a2599f819a17,334df87ff55d74e7,268852,8050,1,1,0x4a430032,0,0,,different_from_other_tide,pass,pending_all_scene_matrix
scene_variant,stand12,"STAND 12 - Looks forward, adjusts hat",low,island,1,STAND,12,scene49,SXST12.SCR,238,pass,pass,MATCH,25c5d84593ac20cbee354eaab7779ab7397d6bbe,b7f151f3c1b794d1bd5c31819b6a59ba48c70624,1226,308,119,f4707a1e4459eefb,42a8db7832bd6bbf,48777d0b6e043fdb,270746,4919,1,1,0x4a430032,0,0,,different_from_other_tide,pass,pending_all_scene_matrix
scene_variant,stand15,STAND 15 - Looks around with a spyglass,high,island,1,STAND,15,scene51,SXST15.SCR,45,pass,pass,MATCH,25c5d84593ac20cbee354eaab7779ab7397d6bbe,b7f151f3c1b794d1bd5c31819b6a59ba48c70624,270,69,46,6207ffab5951fa97,0464e0dc29eccd43,1e0978a16337fddf,268852,8050,1,1,0x4a430033,0,0,,different_from_other_tide,pass,pending_all_scene_matrix
scene_variant,stand15,STAND 15 - Looks around with a spyglass,low,island,1,STAND,15,scene51,SXST15.SCR,45,pass,pass,MATCH,25c5d84593ac20cbee354eaab7779ab7397d6bbe,b7f151f3c1b794d1bd5c31819b6a59ba48c70624,270,69,46,4152b34fe01e7e0b,84c6e7d8d68826df,85c444718b736a1b,270741,4913,1,1,0x4a430033,0,0,,different_from_other_tide,pass,pending_all_scene_matrix
scene_variant,stand16,"STAND 16 - Spyglass, right side of island",high,island,1,STAND,16,scene52,SXST16.SCR,36,pass,pass,MATCH,25c5d84593ac20cbee354eaab7779ab7397d6bbe,b7f151f3c1b794d1bd5c31819b6a59ba48c70624,254,65,50,e2269d14b280893f,0b6354d8078646ff,90cb3fe6ee9f4f53,268852,8050,1,1,0x4a430034,2,0,1@215/24:19/playable;2@243/28:19/playable,different_from_other_tide,pass,pending_all_scene_matrix
scene_variant,stand16,"STAND 16 - Spyglass, right side of island",low,island,1,STAND,16,scene52,SXST16.SCR,36,pass,pass,MATCH,25c5d84593ac20cbee354eaab7779ab7397d6bbe,b7f151f3c1b794d1bd5c31819b6a59ba48c70624,254,65,48,1fd2e9dedecdc1e7,d7998ffa084c53df,dacd4b1e203f7c0b,270773,4919,1,1,0x4a430034,2,0,1@215/24:19/playable;2@243/28:19/playable,different_from_other_tide,pass,pending_all_scene_matrix
scene_variant,walkstuf1,"WALKSTUF 1 - Parties on a yacht, comes back drunk, passes out",high,island,1,WALKSTUF,1,walking,SXWK1.SCR,216,pass,pass,MATCH,25c5d84593ac20cbee354eaab7779ab7397d6bbe,b7f151f3c1b794d1bd5c31819b6a59ba48c70624,1661,416,267,a16519ec3cb46a67,37793e705ac4cdc7,901ae93bad7f43db,268854,8050,1,1,0x4a430035,24,0,1@81/28:20/playable;2@99/34:5/playable;3@107/36:9/playable;4@151/56:20/playable;5@626/199:1/playable;6@631/200:16/playable;7@667/202:16/playable;8@703/204:16/playable;9@739/206:16/playable;10@811/210:9/playable;11@910/217:20/playable;12@990/237:20/playable;13@1386/280:9/playable;14@1394/282:1/playable;15@1406/285:16/playable;16@1410/286:16/playable;17@1414/287:16/playable;18@1418/288:16/playable;19@1422/289:16/playable;20@1426/290:16/playable;21@1430/291:16/playable;22@1511/304:20/playable;23@1517/305:8/playable;24@1592/318:24/playable,different_from_other_tide,pass,pending_all_scene_matrix
scene_variant,walkstuf1,"WALKSTUF 1 - Parties on a yacht, comes back drunk, passes out",low,island,1,WALKSTUF,1,walking,SXWK1.SCR,216,pass,pass,MATCH,25c5d84593ac20cbee354eaab7779ab7397d6bbe,b7f151f3c1b794d1bd5c31819b6a59ba48c70624,1661,416,273,62737a86ce48ee6b,cd863dd1e176865f,d7da228225e4b2bb,270776,4919,1,1,0x4a430035,24,0,1@81/28:20/playable;2@99/34:5/playable;3@107/36:9/playable;4@151/56:20/playable;5@626/199:1/playable;6@631/200:16/playable;7@667/202:16/playable;8@703/204:16/playable;9@739/206:16/playable;10@811/210:9/playable;11@910/217:20/playable;12@990/237:20/playable;13@1386/280:9/playable;14@1394/282:1/playable;15@1406/285:16/playable;16@1410/286:16/playable;17@1414/287:16/playable;18@1418/288:16/playable;19@1422/289:16/playable;20@1426/290:16/playable;21@1430/291:16/playable;22@1511/304:20/playable;23@1517/305:8/playable;24@1592/318:24/playable,different_from_other_tide,pass,pending_all_scene_matrix
scene_variant,walkstuf2,WALKSTUF 2 - Works on the raft,high,island,1,WALKSTUF,2,walking,SXWK2.SCR,57,pass,pass,MATCH,25c5d84593ac20cbee354eaab7779ab7397d6bbe,b7f151f3c1b794d1bd5c31819b6a59ba48c70624,442,112,63,c30587268aa18dcf,477becfc13940817,40f491f8ec5efc0b,268671,8050,1,1,0x4a430036,15,0,1@25/3:6/playable;2@57/7:6/playable;3@108/12:15/playable;4@120/14:15/playable;5@138/17:15/playable;6@145/17:15/playable;7@157/19:15/playable;8@175/22:15/playable;9@182/22:15/playable;10@194/24:15/playable;11@212/27:15/playable;12@226/28:9/playable;13@344/37:23/playable;14@377/40:23/playable;15@410/43:23/playable,different_from_other_tide,pass,pending_all_scene_matrix
scene_variant,walkstuf2,WALKSTUF 2 - Works on the raft,low,island,1,WALKSTUF,2,walking,SXWK2.SCR,57,pass,pass,MATCH,25c5d84593ac20cbee354eaab7779ab7397d6bbe,b7f151f3c1b794d1bd5c31819b6a59ba48c70624,442,112,72,6882feaf79bc9453,e890caa0c94a8e53,377a734e11d9778f,270558,4919,1,1,0x4a430036,15,0,1@25/3:6/playable;2@57/7:6/playable;3@108/12:15/playable;4@120/14:15/playable;5@138/17:15/playable;6@145/17:15/playable;7@157/19:15/playable;8@175/22:15/playable;9@182/22:15/playable;10@194/24:15/playable;11@212/27:15/playable;12@226/28:9/playable;13@344/37:23/playable;14@377/40:23/playable;15@410/43:23/playable,different_from_other_tide,pass,pending_all_scene_matrix
scene_variant,walkstuf3,WALKSTUF 3 - Jogs around the island,high,island,1,WALKSTUF,3,walking,SXWK3.SCR,439,pass,pass,MATCH,25c5d84593ac20cbee354eaab7779ab7397d6bbe,b7f151f3c1b794d1bd5c31819b6a59ba48c70624,2304,577,359,9831a6a4041bdd73,f568901920d683e7,f8594f65e148828f,268854,8050,1,1,0x4a430037,36,0,1@59/5:22/playable;2@71/8:22/playable;3@83/11:22/playable;4@95/14:22/playable;5@107/17:22/playable;6@119/20:22/playable;7@332/35:9/playable;8@375/36:9/playable;9@430/38:9/playable;10@485/40:9/playable;11@540/42:9/playable;12@632/47:4/playable;13@730/54:4/playable;14@828/61:4/playable;15@1535/155:9/playable;16@1543/156:9/playable;17@1562/156:9/playable;18@1570/157:9/playable;19@1589/157:9/playable;20@1597/158:9/playable;21@1827/187:9/playable;22@1835/188:9/playable;23@1854/188:9/playable;24@1862/189:9/playable;25@1881/189:9/playable;26@1889/190:9/playable;27@1908/190:9/playable;28@1916/191:9/playable;29@1935/191:9/playable;30@1943/192:9/playable;31@2104/209:22/playable;32@2116/212:22/playable;33@2128/215:22/playable;34@2140/218:22/playable;35@2152/221:22/playable;36@2164/224:22/playable,different_from_other_tide,pass,pending_all_scene_matrix
scene_variant,walkstuf3,WALKSTUF 3 - Jogs around the island,low,island,1,WALKSTUF,3,walking,SXWK3.SCR,439,pass,pass,MATCH,25c5d84593ac20cbee354eaab7779ab7397d6bbe,b7f151f3c1b794d1bd5c31819b6a59ba48c70624,2304,577,354,ddd90fe9433c18ff,1fe6a70317524f9b,d7b2640d19ac4c53,270776,4919,1,1,0x4a430037,36,0,1@59/5:22/playable;2@71/8:22/playable;3@83/11:22/playable;4@95/14:22/playable;5@107/17:22/playable;6@119/20:22/playable;7@332/35:9/playable;8@375/36:9/playable;9@430/38:9/playable;10@485/40:9/playable;11@540/42:9/playable;12@632/47:4/playable;13@730/54:4/playable;14@828/61:4/playable;15@1535/155:9/playable;16@1543/156:9/playable;17@1562/156:9/playable;18@1570/157:9/playable;19@1589/157:9/playable;20@1597/158:9/playable;21@1827/187:9/playable;22@1835/188:9/playable;23@1854/188:9/playable;24@1862/189:9/playable;25@1881/189:9/playable;26@1889/190:9/playable;27@1908/190:9/playable;28@1916/191:9/playable;29@1935/191:9/playable;30@1943/192:9/playable;31@2104/209:22/playable;32@2116/212:22/playable;33@2128/215:22/playable;34@2140/218:22/playable;35@2152/221:22/playable;36@2164/224:22/playable,different_from_other_tide,pass,pending_all_scene_matrix
scene_variant,building1,"BUILDING 1 - Sandcastle slumps, Johnny stomps it",high,island,1,BUILDING,1,scene11,SXBL1.SCR,106,pass,pass,MATCH,25c5d84593ac20cbee354eaab7779ab7397d6bbe,b7f151f3c1b794d1bd5c31819b6a59ba48c70624,812,204,157,ee99f3c12dd45453,97a63cd2ce3e9033,763a4bf1540d235f,268852,8050,1,1,0x4a430038,38,0,1@73/9:15/playable;2@85/12:15/playable;3@97/15:15/playable;4@109/19:15/playable;5@121/22:15/playable;6@133/26:15/playable;7@145/29:15/playable;8@157/32:15/playable;9@169/36:15/playable;10@181/39:15/playable;11@193/43:15/playable;12@205/46:15/playable;13@217/49:15/playable;14@229/53:15/playable;15@241/56:15/playable;16@253/60:15/playable;17@265/63:15/playable;18@277/66:15/playable;19@289/69:15/playable;20@301/72:15/playable;21@419/78:9/playable;22@480/78:3/playable;23@505/81:23/playable;24@517/83:23/playable;25@529/85:23/playable;26@541/87:23/playable;27@553/89:23/playable;28@565/92:23/playable;29@577/94:23/playable;30@589/96:23/playable;31@601/98:23/playable;32@613/100:23/playable;33@625/102:23/playable;34@637/104:23/playable;35@649/106:23/playable;36@661/108:23/playable;37@673/110:23/playable;38@699/114:24/playable,different_from_other_tide,pass,pending_all_scene_matrix
scene_variant,building1,"BUILDING 1 - Sandcastle slumps, Johnny stomps it",low,island,1,BUILDING,1,scene11,SXBL1.SCR,106,pass,pass,MATCH,25c5d84593ac20cbee354eaab7779ab7397d6bbe,b7f151f3c1b794d1bd5c31819b6a59ba48c70624,812,204,157,16368454a8e039cf,2e0f3eb4f54d8e8b,9cccdf704db56c57,270716,4919,1,1,0x4a430038,38,0,1@73/9:15/playable;2@85/12:15/playable;3@97/15:15/playable;4@109/19:15/playable;5@121/22:15/playable;6@133/26:15/playable;7@145/29:15/playable;8@157/32:15/playable;9@169/36:15/playable;10@181/39:15/playable;11@193/43:15/playable;12@205/46:15/playable;13@217/49:15/playable;14@229/53:15/playable;15@241/56:15/playable;16@253/60:15/playable;17@265/63:15/playable;18@277/66:15/playable;19@289/69:15/playable;20@301/72:15/playable;21@419/78:9/playable;22@480/78:3/playable;23@505/81:23/playable;24@517/83:23/playable;25@529/85:23/playable;26@541/87:23/playable;27@553/89:23/playable;28@565/92:23/playable;29@577/94:23/playable;30@589/96:23/playable;31@601/98:23/playable;32@613/100:23/playable;33@625/102:23/playable;34@637/104:23/playable;35@649/106:23/playable;36@661/108:23/playable;37@673/110:23/playable;38@699/114:24/playable,different_from_other_tide,pass,pending_all_scene_matrix
scene_variant,building2,BUILDING 2 - Lilliputians take over the sandcastle and launch airplanes,high,island,1,BUILDING,2,scene16,SXBL2.SCR,334,pass,pass,MATCH,25c5d84593ac20cbee354eaab7779ab7397d6bbe,b7f151f3c1b794d1bd5c31819b6a59ba48c70624,2368,593,523,ee99f3c12dd45453,de7d6aa08251d2a7,d607cf3dad17065b,268852,8050,1,1,0x4a430039,64,0,1@73/9:15/playable;2@85/12:15/playable;3@97/15:15/playable;4@109/19:15/playable;5@121/22:15/playable;6@133/26:15/playable;7@145/29:15/playable;8@157/32:15/playable;9@169/36:15/playable;10@181/39:15/playable;11@193/43:15/playable;12@205/46:15/playable;13@217/49:15/playable;14@229/53:15/playable;15@241/56:15/playable;16@253/60:15/playable;17@265/63:15/playable;18@277/66:15/playable;19@289/69:15/playable;20@301/72:15/playable;21@313/75:9/playable;22@317/77:5/playable;23@612/160:10/playable;24@619/163:10/playable;25@626/166:10/playable;26@633/168:10/playable;27@640/171:10/playable;28@647/174:10/playable;29@654/177:10/playable;30@661/179:10/playable;31@668/182:10/playable;32@675/185:10/playable;33@682/188:10/playable;34@689/190:10/playable;35@696/193:10/playable;36@703/196:10/playable;37@710/199:10/playable;38@717/201:10/playable;39@724/204:15/playable;40@753/215:14/playable;41@766/218:16/playable;42@787/226:16/playable;43@815/237:16/playable;44@836/245:16/playable;45@1521/633:3/playable;46@1535/648:3/playable;47@1536/649:3/playable;48@1604/713:3/playable;49@1643/752:3/playable;50@1671/781:3/playable;51@1740/851:3/playable;52@1779/890:3/playable;53@1807/920:3/playable;54@1876/988:3/playable;55@1915/1028:3/playable;56@1943/1059:3/playable;57@2012/1127:3/playable;58@2051/1166:3/playable;59@2079/1195:3/playable;60@2148/1265:3/playable;61@2187/1304:3/playable;62@2197/1315:5/playable;63@2209/1329:4/playable;64@2217/1339:1/playable,different_from_other_tide,pass,pending_all_scene_matrix
scene_variant,building2,BUILDING 2 - Lilliputians take over the sandcastle and launch airplanes,low,island,1,BUILDING,2,scene16,SXBL2.SCR,334,pass,pass,MATCH,25c5d84593ac20cbee354eaab7779ab7397d6bbe,b7f151f3c1b794d1bd5c31819b6a59ba48c70624,2368,593,553,16368454a8e039cf,6bae646b8e73fbcf,cbc906406c0e5b17,270716,4919,1,1,0x4a430039,64,0,1@73/9:15/playable;2@85/12:15/playable;3@97/15:15/playable;4@109/19:15/playable;5@121/22:15/playable;6@133/26:15/playable;7@145/29:15/playable;8@157/32:15/playable;9@169/36:15/playable;10@181/39:15/playable;11@193/43:15/playable;12@205/46:15/playable;13@217/49:15/playable;14@229/53:15/playable;15@241/56:15/playable;16@253/60:15/playable;17@265/63:15/playable;18@277/66:15/playable;19@289/69:15/playable;20@301/72:15/playable;21@313/75:9/playable;22@317/77:5/playable;23@612/160:10/playable;24@619/163:10/playable;25@626/166:10/playable;26@633/168:10/playable;27@640/171:10/playable;28@647/174:10/playable;29@654/177:10/playable;30@661/179:10/playable;31@668/182:10/playable;32@675/185:10/playable;33@682/188:10/playable;34@689/190:10/playable;35@696/193:10/playable;36@703/196:10/playable;37@710/199:10/playable;38@717/201:10/playable;39@724/204:15/playable;40@753/215:14/playable;41@766/218:16/playable;42@787/226:16/playable;43@815/237:16/playable;44@836/245:16/playable;45@1521/633:3/playable;46@1535/648:3/playable;47@1536/649:3/playable;48@1604/713:3/playable;49@1643/752:3/playable;50@1671/781:3/playable;51@1740/851:3/playable;52@1779/890:3/playable;53@1807/920:3/playable;54@1876/988:3/playable;55@1915/1028:3/playable;56@1943/1059:3/playable;57@2012/1127:3/playable;58@2051/1166:3/playable;59@2079/1195:3/playable;60@2148/1265:3/playable;61@2187/1304:3/playable;62@2197/1315:5/playable;63@2209/1329:4/playable;64@2217/1339:1/playable,different_from_other_tide,pass,pending_all_scene_matrix
scene_variant,building3,BUILDING 3 - Rolls over and takes a nap,high,island,1,BUILDING,3,scene15,SXBL3.SCR,360,pass,pass,MATCH,25c5d84593ac20cbee354eaab7779ab7397d6bbe,b7f151f3c1b794d1bd5c31819b6a59ba48c70624,1636,410,200,331a61c21cc69717,5c10282337633187,36b4517d72ac5413,268852,8050,1,1,0x4a43003a,3,0,1@140/22:9/playable;2@231/27:24/playable;3@1337/110:9/playable,different_from_other_tide,pass,pending_all_scene_matrix
scene_variant,building3,BUILDING 3 - Rolls over and takes a nap,low,island,1,BUILDING,3,scene15,SXBL3.SCR,360,pass,pass,MATCH,25c5d84593ac20cbee354eaab7779ab7397d6bbe,b7f151f3c1b794d1bd5c31819b6a59ba48c70624,1636,410,213,9dcbcb593be7e6ab,4ef59f9edc8e0b7f,45a80385fc3d17db,270776,4919,1,1,0x4a43003a,3,0,1@140/22:9/playable;2@231/27:24/playable;3@1337/110:9/playable,different_from_other_tide,pass,pending_all_scene_matrix
scene_variant,building4,BUILDING 4 - Lilliputians tie Johnny down while he sleeps,high,island,1,BUILDING,4,scene14,SXBL4.SCR,428,pass,pass,MATCH,25c5d84593ac20cbee354eaab7779ab7397d6bbe,b7f151f3c1b794d1bd5c31819b6a59ba48c70624,3096,775,564,331a61c21cc69717,d664bb7a717a145b,f8594f65e148828f,268852,8050,1,1,0x4a43003b,24,0,1@140/22:9/playable;2@231/27:24/playable;3@999/89:16/playable;4@1014/92:16/playable;5@1034/96:16/playable;6@1049/99:16/playable;7@1988/311:16/playable;8@2025/315:16/playable;9@2046/319:16/playable;10@2067/322:16/playable;11@2088/325:16/playable;12@2109/329:16/playable;13@2137/334:16/playable;14@2158/337:16/playable;15@2454/388:21/playable;16@2482/396:21/playable;17@2514/405:21/playable;18@2562/419:21/playable;19@2591/428:4/playable;20@2594/429:21/playable;21@2642/443:21/playable;22@2654/446:21/playable;23@2798/485:4/playable;24@3005/498:4/playable,different_from_other_tide,pass,pending_all_scene_matrix
scene_variant,building4,BUILDING 4 - Lilliputians tie Johnny down while he sleeps,low,island,1,BUILDING,4,scene14,SXBL4.SCR,428,pass,pass,MATCH,25c5d84593ac20cbee354eaab7779ab7397d6bbe,b7f151f3c1b794d1bd5c31819b6a59ba48c70624,3096,775,579,9dcbcb593be7e6ab,40f524645ae0fb63,37d6ed0a10f3789f,270776,4919,1,1,0x4a43003b,24,0,1@140/22:9/playable;2@231/27:24/playable;3@999/89:16/playable;4@1014/92:16/playable;5@1034/96:16/playable;6@1049/99:16/playable;7@1988/311:16/playable;8@2025/315:16/playable;9@2046/319:16/playable;10@2067/322:16/playable;11@2088/325:16/playable;12@2109/329:16/playable;13@2137/334:16/playable;14@2158/337:16/playable;15@2454/388:21/playable;16@2482/396:21/playable;17@2514/405:21/playable;18@2562/419:21/playable;19@2591/428:4/playable;20@2594/429:21/playable;21@2642/443:21/playable;22@2654/446:21/playable;23@2798/485:4/playable;24@3005/498:4/playable,different_from_other_tide,pass,pending_all_scene_matrix
scene_variant,building5,BUILDING 5 - Builds a fire and sits by it,high,island,1,BUILDING,5,scene35,SXBL5.SCR,474,pass,pass,MATCH,25c5d84593ac20cbee354eaab7779ab7397d6bbe,b7f151f3c1b794d1bd5c31819b6a59ba48c70624,2758,691,374,9831a6a4041bdd73,e39e39d6ef065087,d10a3ddbac3b0cbf,268801,8050,1,1,0x4a43003c,8,0,1@183/26:23/playable;2@200/28:15/playable;3@214/30:15/playable;4@786/65:24/playable;5@1332/210:9/playable;6@1748/316:9/playable;7@1808/328:9/playable;8@1868/340:9/playable,different_from_other_tide,pass,pending_all_scene_matrix
scene_variant,building5,BUILDING 5 - Builds a fire and sits by it,low,island,1,BUILDING,5,scene35,SXBL5.SCR,474,pass,pass,MATCH,25c5d84593ac20cbee354eaab7779ab7397d6bbe,b7f151f3c1b794d1bd5c31819b6a59ba48c70624,2758,691,420,ddd90fe9433c18ff,63a660366822892f,69270dca6a6c20a7,270718,4919,1,1,0x4a43003c,8,0,1@183/26:23/playable;2@200/28:15/playable;3@214/30:15/playable;4@786/65:24/playable;5@1332/210:9/playable;6@1748/316:9/playable;7@1808/328:9/playable;8@1868/340:9/playable,different_from_other_tide,pass,pending_all_scene_matrix
scene_variant,building6,BUILDING 6 - Lilliputians tie Johnny up (no-bird variant),high,island,1,BUILDING,6,buildingdone,SXBL6.SCR,307,pass,pass,MATCH,25c5d84593ac20cbee354eaab7779ab7397d6bbe,b7f151f3c1b794d1bd5c31819b6a59ba48c70624,2798,701,456,331a61c21cc69717,b8430be3e544cf5b,9034cea1c94fd34f,268852,8050,1,1,0x4a43003d,15,0,1@140/22:9/playable;2@231/27:24/playable;3@999/89:16/playable;4@1014/92:16/playable;5@1034/96:16/playable;6@1049/99:16/playable;7@1988/311:16/playable;8@2025/315:16/playable;9@2046/319:16/playable;10@2067/322:16/playable;11@2088/325:16/playable;12@2109/329:16/playable;13@2137/334:16/playable;14@2158/337:16/playable;15@2591/387:4/playable,different_from_other_tide,pass,pending_all_scene_matrix
scene_variant,building6,BUILDING 6 - Lilliputians tie Johnny up (no-bird variant),low,island,1,BUILDING,6,buildingdone,SXBL6.SCR,307,pass,pass,MATCH,25c5d84593ac20cbee354eaab7779ab7397d6bbe,b7f151f3c1b794d1bd5c31819b6a59ba48c70624,2798,701,473,9dcbcb593be7e6ab,3ea7f71dad62e0bf,6445dbb5034fd0db,270776,4919,1,1,0x4a43003d,15,0,1@140/22:9/playable;2@231/27:24/playable;3@999/89:16/playable;4@1014/92:16/playable;5@1034/96:16/playable;6@1049/99:16/playable;7@1988/311:16/playable;8@2025/315:16/playable;9@2046/319:16/playable;10@2067/322:16/playable;11@2088/325:16/playable;12@2109/329:16/playable;13@2137/334:16/playable;14@2158/337:16/playable;15@2591/387:4/playable,different_from_other_tide,pass,pending_all_scene_matrix
scene_variant,building7,"BUILDING 7 - Builds a fire, grills a fish, eats it",high,island,1,BUILDING,7,scene62,SXBL7.SCR,460,pass,pass,MATCH,25c5d84593ac20cbee354eaab7779ab7397d6bbe,b7f151f3c1b794d1bd5c31819b6a59ba48c70624,3231,809,507,9831a6a4041bdd73,46c31984c36c1197,d6deab766b902c8f,268852,8050,1,1,0x4a43003e,15,0,1@183/26:23/playable;2@200/28:15/playable;3@214/30:15/playable;4@1095/83:24/playable;5@1641/228:9/playable;6@2297/373:9/playable;7@2476/393:6/playable;8@2505/399:19/playable;9@2531/404:19/playable;10@2583/413:5/playable;11@2593/415:3/playable;12@2629/423:3/playable;13@2695/436:3/playable;14@3058/501:9/playable;15@3118/514:9/playable,different_from_other_tide,pass,pending_all_scene_matrix
scene_variant,building7,"BUILDING 7 - Builds a fire, grills a fish, eats it",low,island,1,BUILDING,7,scene62,SXBL7.SCR,460,pass,pass,MATCH,25c5d84593ac20cbee354eaab7779ab7397d6bbe,b7f151f3c1b794d1bd5c31819b6a59ba48c70624,3231,809,537,ddd90fe9433c18ff,57f6abff1ea1830b,d88a49a6a66d13cf,270776,4919,1,1,0x4a43003e,15,0,1@183/26:23/playable;2@200/28:15/playable;3@214/30:15/playable;4@1095/83:24/playable;5@1641/228:9/playable;6@2297/373:9/playable;7@2476/393:6/playable;8@2505/399:19/playable;9@2531/404:19/playable;10@2583/413:5/playable;11@2593/415:3/playable;12@2629/423:3/playable;13@2695/436:3/playable;14@3058/501:9/playable;15@3118/514:9/playable,different_from_other_tide,pass,pending_all_scene_matrix
initial_screen,intro,INTRO.SCR,n/a,static_screen,0,,,,,,shared_state,n/a,n/a,25c5d84593ac20cbee354eaab7779ab7397d6bbe,b7f151f3c1b794d1bd5c31819b6a59ba48c70624,0,1,1,89aba3c6f955680b,89aba3c6f955680b,89aba3c6f955680b,89692,1894,1,1,,0,0,,static_distinct_screen,pass,pending_all_scene_matrix
initial_screen,island_day,ISLAND2.SCR,n/a,static_screen,0,,,,,,shared_state,n/a,n/a,25c5d84593ac20cbee354eaab7779ab7397d6bbe,b7f151f3c1b794d1bd5c31819b6a59ba48c70624,0,1,1,c700872e55a75647,c700872e55a75647,c700872e55a75647,223538,0,0,0,,0,0,,static_distinct_screen,pass,pending_all_scene_matrix
initial_screen,island_night,NIGHT.SCR,n/a,static_screen,0,,,,,,shared_state,n/a,n/a,25c5d84593ac20cbee354eaab7779ab7397d6bbe,b7f151f3c1b794d1bd5c31819b6a59ba48c70624,0,1,1,5e1503c28c8594d3,5e1503c28c8594d3,5e1503c28c8594d3,225355,0,0,0,,0,0,,static_distinct_screen,pass,pending_all_scene_matrix
initial_screen,office,JOFFICE.SCR,n/a,static_screen,0,,,,,,shared_state,n/a,n/a,25c5d84593ac20cbee354eaab7779ab7397d6bbe,b7f151f3c1b794d1bd5c31819b6a59ba48c70624,0,1,1,b218a0bac937e46f,b218a0bac937e46f,b218a0bac937e46f,40694,0,0,0,,0,0,,static_distinct_screen,pass,pending_all_scene_matrix
initial_screen,suzy_beach,SUZBEACH.SCR,n/a,static_screen,0,,,,,,shared_state,n/a,n/a,25c5d84593ac20cbee354eaab7779ab7397d6bbe,b7f151f3c1b794d1bd5c31819b6a59ba48c70624,0,1,1,cffda67cad5d0d23,cffda67cad5d0d23,cffda67cad5d0d23,98904,0,0,0,,0,0,,static_distinct_screen,pass,pending_all_scene_matrix
initial_screen,ending,THEEND.SCR,n/a,static_screen,0,,,,,,shared_state,n/a,n/a,25c5d84593ac20cbee354eaab7779ab7397d6bbe,b7f151f3c1b794d1bd5c31819b6a59ba48c70624,0,1,1,33e42c35d895f723,33e42c35d895f723,33e42c35d895f723,51270,0,0,0,,0,0,,static_distinct_screen,pass,pending_all_scene_matrix
